date,open,high,low,close,volume
2019-06-25,45200,45800,45200,45450,4120726
2019-06-24,45200,45800,45200,45500,6085066
2019-06-21,45750,45800,45200,45700,9454913
2019-06-20,44850,45500,44850,45500,7147785
2019-06-19,45450,45450,45000,45350,10417690
2019-06-18,43750,44500,43650,44350,7994928
2019-06-17,43750,44050,43400,43900,11890424
2019-06-14,43750,44150,43300,44000,9322873
2019-06-13,44200,44400,43400,43750,16906541
2019-06-12,44800,45050,44300,44600,8607439
2019-06-11,44800,45000,44550,44850,6664872
2019-06-10,44300,44850,44050,44800,8792182
2019-06-07,43600,44350,43450,44200,11683682
2019-06-05,44050,44200,43700,43900,12464135
2019-06-04,43400,43700,43000,43450,9913497
2019-06-03,42950,43900,42500,43800,15466580
2019-05-31,42600,42800,42150,42500,11365999
2019-05-30,42200,42700,42150,42550,11766018
2019-05-29,41850,42100,41300,41800,14930618
2019-05-28,42550,42950,42150,42550,24506881
2019-05-27,42500,43000,42350,42650,8066669
2019-05-24,43800,43800,42400,42700,13966305
2019-05-23,43900,44000,43250,43850,12259006
2019-05-22,43700,43800,42400,43500,11033339
2019-05-21,42600,43950,42350,43150,18812133
2019-05-20,41650,42100,41550,42000,15752397
2019-05-17,41950,42050,40850,41200,13357951
2019-05-16,42350,42400,41350,41550,13687828
2019-05-15,42700,43050,42550,42550,7670185
2019-05-14,41300,43100,41300,42650,11563730
2019-05-13,42500,43200,42350,42650,7635079
2019-05-10,42600,43450,42450,42900,14579512
2019-05-09,43900,44250,42450,42450,23029718
2019-05-08,44300,44850,44200,44250,10398754
2019-05-07,45250,45300,44400,44850,12014907
2019-05-03,45900,46050,45300,45300,6562916
2019-05-02,45500,46150,45400,45900,8625126
2019-04-30,46000,46300,45350,45850,11121273
2019-04-29,45150,46150,45100,46150,8777517
2019-04-26,44200,45000,43800,44850,9739982
2019-04-25,44250,45000,44100,44650,10868965
2019-04-24,45400,45650,44150,44750,13299267
2019-04-23,45050,45500,45000,45200,6920566
2019-04-22,45400,45900,45100,45350,6006957
2019-04-19,45750,46000,45250,45300,8479710
2019-04-18,47200,47250,45500,45600,12808747
2019-04-17,47300,47600,47000,47050,5513658
2019-04-16,47400,47400,46800,47250,7730881
2019-04-15,47150,47500,47000,47050,8733019
2019-04-12,46050,46900,46000,46850,7668936
2019-04-11,46700,46800,46150,46250,13697399
2019-04-10,46400,46700,46050,46700,11883995
2019-04-09,46700,46950,46200,46650,6878761
2019-04-08,47250,47250,46150,46650,8507909
2019-04-05,46950,47550,46600,46850,8546339
2019-04-04,46150,47100,46150,46950,12650168
2019-04-03,46750,46750,45800,46600,12436570
2019-04-02,45550,46100,45350,45750,9480688
2019-04-01,45200,45450,44850,45050,7362129
2019-03-29,44500,44900,44200,44650,11491713
2019-03-28,44950,45200,44300,44850,6821306
2019-03-27,44750,45600,44250,45350,9568081
2019-03-26,45500,45700,44900,45250,9729811
2019-03-25,45300,45650,44800,45500,8699728
2019-03-22,46850,47000,46250,46550,12535911
2019-03-21,44600,46250,44050,45850,21138016
2019-03-20,43800,44200,43100,44050,9846242
2019-03-19,43750,43900,43550,43900,7609563
2019-03-18,43950,44150,43450,43700,8188876
2019-03-15,43800,44250,43700,44200,16814163
2019-03-14,43700,44300,43550,43850,18039161
2019-03-13,44250,44450,43700,43850,8108343
2019-03-12,44300,44950,44150,44650,11431977
2019-03-11,44400,44450,43650,43650,10717408
2019-03-08,44450,44800,43800,43800,7729069
2019-03-07,43400,44950,43400,44450,11049749
2019-03-06,44000,44300,43700,44000,10202544
2019-03-05,44600,45100,44150,44250,10612405
2019-03-04,46000,46100,44800,44850,12926539
2019-02-28,46400,46500,45100,45100,23569321
2019-02-27,47000,47250,46750,46750,8045211
2019-02-26,47350,47450,46500,46750,7985547
2019-02-25,47400,47550,47050,47350,7484716
2019-02-22,46500,47150,46450,47150,6895772
2019-02-21,46500,47200,46200,46950,8694009
2019-02-20,46750,47100,46500,46900,11506720
2019-02-19,45850,46150,45450,45950,6741395
2019-02-18,46500,46850,45850,46200,8183728
2019-02-15,46750,46850,45650,46050,10554643
2019-02-14,46600,47500,46150,47500,17259341
2019-02-13,46400,46700,46000,46200,11299738
2019-02-12,44650,46250,44650,46050,13184367
2019-02-11,44500,45000,44250,45000,11125044
2019-02-08,45700,45700,44650,44800,12689196
2019-02-07,46800,47100,46200,46200,15872001
2019-02-01,46650,46950,46250,46350,13832454
2019-01-31,46650,47050,46150,46150,21621145
2019-01-30,44800,46400,44800,46400,17505980
2019-01-29,45050,45500,44350,45500,16215017
2019-01-28,45000,45500,44600,45050,17998914
2019-01-25,44300,44750,43750,44750,22789395
2019-01-24,43050,43100,42350,43050,14747623
2019-01-23,41350,42250,41350,42000,11071079
2019-01-22,42750,42850,41850,42150,9964356
2019-01-21,42700,42750,41900,42750,11355701
2019-01-18,42000,42400,41950,42300,11029256
2019-01-17,41700,42100,41450,41950,11736903
2019-01-16,41150,41450,40700,41450,8491595
2019-01-15,40050,41100,39850,41100,11492756
2019-01-14,40450,40700,39850,40050,11984996
2019-01-11,40350,40550,39950,40500,11661063
2019-01-10,40000,40150,39600,39800,14731699
2019-01-09,38650,39600,38300,39600,17452708
2019-01-08,38000,39200,37950,38100,12756554
2019-01-07,38000,38900,37800,38750,12748997
2019-01-04,37450,37600,36850,37450,14108958
2019-01-03,38300,38550,37450,37600,12471493
2019-01-02,39400,39400,38550,38750,7847664
2018-12-28,38250,38900,38200,38700,9900267
2018-12-27,38700,38800,38100,38250,10510643
2018-12-26,38400,38750,38300,38350,12707675
2018-12-24,38500,39050,38300,38800,9729530
2018-12-21,38200,38650,38100,38650,14947080
2018-12-20,38600,39100,38500,38650,11937617
2018-12-19,38900,39350,38850,39100,9942037
2018-12-18,38300,39200,38300,38900,11042101
2018-12-17,38650,39600,38650,39150,11532968
2018-12-14,40200,40200,38700,38950,19671783
2018-12-13,40650,40750,40000,40000,26254646
2018-12-12,40250,40700,40150,40450,12024279
2018-12-11,40600,40700,40200,40250,10638766
2018-12-10,40450,40650,40000,40200,14892263
2018-12-07,40900,41400,40850,40950,11433083
2018-12-06,40600,41100,40450,40500,14251826
2018-12-05,40900,41750,40850,41450,12631983
2018-12-04,42650,42900,41900,42150,14347746
2018-12-03,42750,43400,42400,43250,12110702
2018-11-30,43450,44000,41750,41850,19775519
2018-11-29,43850,43850,42900,43150,8473511
2018-11-28,42800,43200,42750,43150,6943099
2018-11-27,42900,43100,42500,43050,8367091
2018-11-26,42150,42800,42100,42600,6613009
2018-11-23,42450,42600,41900,42400,5192638
2018-11-22,42000,42650,42000,42450,5970796
2018-11-21,41800,42300,41800,42100,10769589
2018-11-20,42450,43000,42100,42800,9420664
2018-11-19,44050,44250,43450,43650,7538720
2018-11-16,44600,44750,43700,44000,7777124
2018-11-15,44050,44350,43500,44250,5864067
2018-11-14,44500,44500,43800,44100,6783344
2018-11-13,43900,44500,43400,44500,9311126
2018-11-12,43850,45250,43700,45200,8552566
2018-11-09,44450,44850,43900,44300,7318500
2018-11-08,44900,45050,44050,44050,12617397
2018-11-07,43600,44500,43400,44000,11553998
2018-11-06,43750,43800,42950,43750,7713625
2018-11-05,43750,43800,42900,43800,9426777
2018-11-02,43050,44250,42800,44150,16517112
2018-11-01,42450,42950,42150,42150,13423132
2018-10-31,42900,43350,41700,42400,17621480
2018-10-30,41400,43000,41000,42350,14205190
2018-10-29,40850,41950,40550,41400,14460521
2018-10-26,41100,41300,40400,41000,14413864
2018-10-25,40600,41550,40550,41000,19338170
2018-10-24,43050,43100,42250,42550,13522825
2018-10-23,43300,43450,42550,43050,9531231
2018-10-22,43450,43950,43200,43550,8357648
2018-10-19,43900,44150,43450,43900,7842520
2018-10-18,43950,44450,43700,44050,8347725
2018-10-17,44150,44500,44000,44150,8306193
2018-10-16,43700,44150,43350,43600,6825677
2018-10-15,44050,44050,43350,43800,7434522
2018-10-12,43200,44650,43200,44000,12640906
2018-10-11,44000,44650,43100,43100,19324537
2018-10-10,45250,45500,44500,45300,10341349
2018-10-08,44200,45200,44200,44950,6759464
2018-10-05,44800,45500,44550,44700,10544165
2018-10-04,45150,45600,44700,44700,11865327
2018-10-02,46450,46700,45700,45700,6607188
2018-10-01,46450,46800,45800,46350,6354983
2018-09-28,47250,47250,46300,46450,11270515
2018-09-27,46950,47500,46450,47500,15804586
2018-09-21,46550,47550,46550,47400,14476906
2018-09-20,46850,47600,46400,47250,13536966
2018-09-19,46000,46200,45700,46150,9367454
2018-09-18,44950,45900,44700,45500,9987090
2018-09-17,45550,45800,44900,45150,8123384
2018-09-14,45000,45850,44900,45850,12446344
2018-09-13,44550,44750,44000,44050,18277942
2018-09-12,44900,45100,44500,44550,12995269
2018-09-11,45550,45900,45050,45050,9865790
2018-09-10,45450,45550,45000,45500,9979838
2018-09-07,44500,45200,44400,44900,18285508
2018-09-06,46200,46400,45800,46100,9040553
2018-09-05,47300,47450,46400,46600,9139998
2018-09-04,47550,47800,47200,47650,6791255
2018-09-03,48200,48300,47300,47450,8595084
2018-08-31,47100,48450,47000,48450,13577454
2018-08-30,46950,47950,46700,47650,12193231
2018-08-29,46750,46800,46400,46800,5572374
2018-08-28,46800,46950,46300,46550,7365976
2018-08-27,46100,46550,46000,46300,5263782
2018-08-24,45900,46400,45550,46150,6582535
2018-08-23,46150,46200,45700,46200,6730918
2018-08-22,45150,46200,44900,46100,11641656
2018-08-21,43700,44900,43700,44800,9520270
2018-08-20,43500,44200,43500,43850,7289124
2018-08-17,44050,44400,44050,44100,6808747
2018-08-16,43800,44650,43700,44250,10088229
2018-08-14,44850,45400,44850,45150,6409259
2018-08-13,44950,45100,44650,45050,9803831
2018-08-10,46150,46400,44850,45400,16670643
2018-08-09,47000,47050,46450,46900,12010886
2018-08-08,47000,47000,46550,46800,6429338
2018-08-07,46300,46750,45900,46700,9058174
2018-08-06,46150,46150,45750,45800,6771979
2018-08-03,45850,45900,45450,45750,8274944
2018-08-02,46550,46800,45500,45550,8560924
2018-08-01,46050,46850,46050,46550,7484499
2018-07-31,46200,46450,46000,46250,8033607
2018-07-30,46550,46800,46350,46500,5723035
2018-07-27,46450,47000,46450,46900,4762460
2018-07-26,46100,47000,46000,46900,7374946
2018-07-25,46250,46550,45900,46150,7222471
2018-07-24,46350,46600,45950,46150,8261363
2018-07-23,47100,47200,46150,46500,10823782
2018-07-20,47000,47600,46700,47450,10474547
2018-07-19,47050,47200,46600,46900,9880128
2018-07-18,46700,47200,46450,46550,10952645
2018-07-17,46150,46200,45600,45850,8892953
2018-07-16,46800,46800,46000,46050,7678719
2018-07-13,45800,46500,45750,46500,11543389
2018-07-12,45900,46250,45450,45500,11828104
2018-07-11,46400,46450,45400,46000,11224077
2018-07-10,46200,46550,46100,46300,10528665
2018-07-09,45500,46100,45200,45600,11602464
2018-07-06,45500,45850,44650,44900,17843706
2018-07-05,46100,46550,45600,45950,7039773
2018-07-04,46700,47050,46050,46250,8776763
2018-07-03,45750,46450,45750,46150,10959655
2018-07-02,46500,47150,45500,45550,13112253
2018-06-29,46250,47150,46200,46650,14099635
2018-06-28,46850,47150,46600,46800,12784800
2018-06-27,47450,48500,47000,47950,15274752
2018-06-26,45900,47300,45900,47000,11223166
2018-06-25,47050,47050,46150,46650,10587711
2018-06-22,47000,47250,46200,47250,10298006
2018-06-21,47900,47900,47050,47050,10015541
2018-06-20,47450,47600,46850,47000,12959316
2018-06-19,47200,47350,46500,47000,15217971
2018-06-18,47600,47650,46200,46600,16661870
2018-06-15,48500,48700,47650,47650,17080892
2018-06-14,49000,49000,48200,48200,20971729
2018-06-12,49700,49800,49250,49400,12110569
2018-06-11,49750,50300,49350,49900,10571312
2018-06-08,50200,50400,49600,49650,16951706
2018-06-07,51800,51800,50500,50600,13590016
2018-06-05,51100,51400,50400,51300,9144100
2018-06-04,50800,51200,50700,51100,9767171
2018-06-01,50500,51700,49950,51300,13038499
2018-05-31,50400,50800,49850,50700,63491109
2018-05-30,51300,51500,49100,49500,20498098
2018-05-29,52200,52500,51300,51300,8480437
2018-05-28,52500,53000,52000,52300,9787820
2018-05-25,51000,52800,50800,52700,15207266
2018-05-24,52000,52000,51100,51400,8289275
2018-05-23,50600,52000,50400,51800,17095490
2018-05-21,49650,50200,49100,50000,9020998
2018-05-18,49900,49900,49350,49500,6706570
2018-05-17,50300,50500,49400,49400,10365440
2018-05-16,49200,50200,49150,49850,15918683
2018-05-15,50200,50400,49100,49200,18709146
2018-05-14,51000,51100,49900,50100,14909272
2018-05-11,52000,52200,51200,51300,10314997
2018-05-10,51700,51700,50600,51600,13905263
2018-05-09,52600,52800,50900,50900,16128305
2018-05-08,52600,53200,51900,52600,23104720
2018-05-04,53000,53900,51800,51900,39565391
2018-05-03,53000,53000,53000,53000,0
2018-05-02,53000,53000,53000,53000,0
2018-04-30,53000,53000,53000,53000,0
2018-04-27,53380,53640,52440,53000,606216
2018-04-26,50420,52160,50400,52140,360931
2018-04-25,49220,50500,49220,50400,332292
2018-04-24,51840,51860,50080,50460,315406
2018-04-23,51000,52080,51000,51900,232380
2018-04-20,51800,52260,51420,51620,235220
2018-04-19,52000,52980,51540,52780,343811
2018-04-18,51000,51360,50580,51360,269252
2018-04-17,50240,50540,49820,49980,155440
2018-04-16,50320,50600,49860,50340,157549
2018-04-13,49600,50180,49400,49800,205566
2018-04-12,49440,49440,48880,49000,249325
2018-04-11,49900,49900,48600,48860,201022
2018-04-10,48540,49220,48040,48880,219687
2018-04-09,48260,49440,48200,49200,199008
2018-04-06,48000,48580,47400,48400,250654
2018-04-05,47400,49380,47340,48740,264912
2018-04-04,48160,48260,46920,46920,247684
2018-04-03,47880,48140,47280,48120,255365
2018-04-02,49000,49220,48500,48540,142313
2018-03-30,49080,49900,49080,49220,155542
2018-03-29,48700,49560,48320,49040,201340
2018-03-28,49100,49100,48340,48700,303189
2018-03-27,50320,50460,49080,49980,237480
2018-03-26,49420,50280,49040,50280,201155
2018-03-23,50340,50720,49600,49720,297099
2018-03-22,51060,51780,51040,51780,169082
2018-03-21,51780,51780,51060,51060,178104
2018-03-20,50700,51200,50100,51200,163865
2018-03-19,50620,51340,50440,50740,164377
2018-03-16,51220,51420,50240,51140,243698
2018-03-15,52000,52020,51020,51540,177649
2018-03-14,51020,52000,51000,51760,254265
2018-03-13,50760,51660,50360,51660,401974
2018-03-12,50560,50780,49580,49740,173779
2018-03-09,49440,50540,49240,49740,286088
2018-03-08,49200,49480,48080,49200,389273
2018-03-07,48200,48900,47220,48620,428541
2018-03-06,45920,47100,45820,47020,308467
2018-03-05,45820,46160,45080,45200,282019
2018-03-02,46580,46800,46000,46020,265310
2018-02-28,47380,48100,47000,47060,303247
2018-02-27,48360,48380,47380,47380,196611
2018-02-26,47280,47560,47080,47380,191213
2018-02-23,46760,47800,46760,47220,248466
2018-02-22,47260,47260,46760,46760,177399
2018-02-21,47280,47580,46840,47280,257604
2018-02-20,48040,48160,47220,47400,202452
2018-02-19,49800,49800,47860,48380,307069
2018-02-14,48080,49100,47940,49000,378118
2018-02-13,46200,48060,46200,47540,378465
2018-02-12,45100,46320,45040,45720,315099
2018-02-09,44440,45180,44420,44700,349300
2018-02-08,46120,46620,45980,46000,465021
2018-02-07,48240,48260,45800,45800,468961
2018-02-06,46600,47920,46580,47420,388129
2018-02-05,46500,48320,46000,47920,567158
2018-02-02,49380,49400,47700,47700,585207
2018-02-01,50620,50960,49720,49820,552189
2018-01-31,50020,54140,49600,49900,1293626
2018-01-30,50440,50640,49780,49800,245691
2018-01-29,51200,51480,50900,51220,236776
2018-01-26,50500,50780,49840,50780,207002
2018-01-25,49220,50360,49160,50260,223207
2018-01-24,48860,49700,48560,49340,191010
2018-01-23,48660,49160,48300,49160,270654
2018-01-22,48640,48680,47960,48240,250418
2018-01-19,50380,50380,49040,49320,184399
2018-01-18,50020,50640,49820,49900,296977
2018-01-17,50020,50020,49060,49620,221061
2018-01-16,48760,50140,48620,50000,407793
2018-01-15,48800,48980,47920,48540,201920
2018-01-12,48240,48480,46760,48200,545409
2018-01-11,48200,49260,48020,48240,502476
2018-01-10,50500,50520,48640,48840,371336
2018-01-09,51460,51720,49980,50400,360272
2018-01-08,52400,52520,51500,52020,167673
2018-01-05,51300,52120,51200,52120,189623
2018-01-04,52120,52180,50640,51080,233909
2018-01-03,52540,52560,51420,51620,200270
2018-01-02,51380,51400,50780,51020,169485
2017-12-28,49560,50960,49500,50960,179709
2017-12-27,48960,49560,48460,49360,214872
2017-12-26,49760,50100,48200,48200,320797
2017-12-22,49400,49960,49240,49700,223993
2017-12-21,51000,51060,49100,49140,312486
2017-12-20,51500,51760,50820,50880,201611
2017-12-19,51540,52080,51520,51560,239572
2017-12-18,50620,51240,50620,51200,147005
2017-12-15,51240,51480,50520,50620,298571
2017-12-14,51320,52280,51060,51060,406208
2017-12-13,52100,52100,51100,51320,226674
2017-12-12,51820,52100,51660,52100,175301
2017-12-11,52000,52040,51500,51780,162517
2017-12-08,51360,52000,51040,52000,225809
2017-12-07,50040,50980,50020,50740,221312
2017-12-06,51260,51560,50020,50020,217784
2017-12-05,50600,51300,50280,51260,186531
2017-12-04,50840,51340,50020,51340,297301
2017-12-01,50800,51780,50800,50840,257372
2017-11-30,50800,51860,50200,50800,592683
2017-11-29,53200,53240,52500,52600,191805
2017-11-28,52700,53280,51720,53280,269988
2017-11-27,55360,55360,52640,52640,362578
2017-11-24,55300,55500,55180,55460,90724
2017-11-23,55960,55980,55020,55300,125458
2017-11-22,55980,56200,55620,55960,159059
2017-11-21,55400,55840,55280,55280,206494
2017-11-20,55900,55980,55200,55200,189455
2017-11-17,56400,56880,55820,55820,214663
2017-11-16,55440,56000,55400,55780,152814
2017-11-15,55920,56320,55320,55340,176339
2017-11-14,56380,56740,55920,55920,134500
2017-11-13,56400,56800,56100,56380,176133
2017-11-10,55800,56540,55780,56400,134976
2017-11-09,56920,56920,55900,56340,239881
2017-11-08,56100,57060,55860,56760,170404
2017-11-07,56380,56920,55860,56100,149291
2017-11-06,56380,56500,55340,56380,180019
2017-11-03,57060,57140,55860,56380,198716
2017-11-02,57500,57520,56760,57060,214421
2017-11-01,57500,57500,56180,57220,290205
2017-10-31,54060,55440,53500,55080,267631
2017-10-30,53780,54320,53700,54040,163923
2017-10-27,52400,53320,52140,53080,147850
2017-10-26,53720,53900,52400,52400,195531
2017-10-25,54040,54420,53700,53900,117657
2017-10-24,54700,54780,54040,54040,116121
2017-10-23,54600,54640,54000,54300,166221
2017-10-20,52800,54100,52800,53840,160541
2017-10-19,54700,54700,52980,52980,242174
2017-10-18,54820,55240,54040,54760,202215
2017-10-17,54020,55380,54000,54800,212156
2017-10-16,53980,54860,53760,53920,195399
2017-10-13,54540,54840,53780,54000,252033
2017-10-12,54840,55160,54100,54800,277814
2017-10-11,53600,54760,53340,54640,273043
2017-10-10,53360,53640,52800,52800,410396
2017-09-29,51180,51620,50840,51280,258188
2017-09-28,52260,52460,51260,51260,240509
2017-09-27,52000,52200,51500,51680,215940
2017-09-26,53020,53120,51560,51660,341144
2017-09-25,53000,53680,53000,53620,186062
2017-09-22,52960,53600,52460,53000,278448
2017-09-21,52220,52960,52220,52800,176796
2017-09-20,52120,52500,51840,52220,185855
2017-09-19,52500,52640,51780,52120,197008
2017-09-18,50540,52480,50520,52480,230499
2017-09-15,50300,50560,49860,50400,215146
2017-09-14,50060,50320,49760,50300,284095
2017-09-13,49820,50400,49440,49620,187140
2017-09-12,50200,50220,49140,49600,240595
2017-09-11,49700,50180,49500,49800,207495
2017-09-08,48700,49180,48580,49080,217860
2017-09-07,47000,48220,47000,48120,193530
2017-09-06,46760,47180,46700,47000,216221
2017-09-05,46240,46900,45960,46760,234322
2017-09-04,45780,46360,45500,46040,158870
2017-09-01,46460,46640,46300,46480,212834
2017-08-31,46220,46640,46000,46320,220234
2017-08-30,46380,46400,45960,46200,150260
2017-08-29,45640,46080,45160,46080,252473
2017-08-28,47020,47240,45960,46100,199242
2017-08-25,47880,47880,46720,47020,224871
2017-08-24,47520,47660,47340,47520,173149
2017-08-23,47780,47780,47180,47480,187694
2017-08-22,46820,47160,46700,47000,147635
2017-08-21,47240,47240,46580,46840,102069
2017-08-18,46760,47240,46240,46900,209559
2017-08-17,46960,47300,46740,47040,248317
2017-08-16,46220,46380,46000,46200,438273
2017-08-14,45120,45400,44720,45000,383712
2017-08-11,45120,45300,44220,44620,508146
2017-08-10,46200,46320,45460,45900,459723
2017-08-09,47400,47400,46240,46280,291108
2017-08-08,47980,48260,47480,47720,159592
2017-08-07,47500,48080,47440,47580,144365
2017-08-04,48160,48180,47500,47700,167184
2017-08-03,49000,49000,47120,47780,310816
2017-08-02,49200,49340,48600,49000,155549
2017-08-01,48000,48840,47540,48600,227390
2017-07-31,47420,48240,46920,48200,254028
2017-07-28,49800,49800,47380,47760,523366
2017-07-27,50000,50640,49560,49800,228990
2017-07-26,49600,50020,49300,49840,224496
2017-07-25,50500,50760,49940,50000,216212
2017-07-24,50700,51000,50620,50860,141995
2017-07-21,50860,51160,50520,51080,168981
2017-07-20,50760,51320,50560,51200,167352
2017-07-19,50620,50820,50000,50740,223150
2017-07-18,50420,50880,50360,50840,141689
2017-07-17,50900,51020,50520,50640,179522
2017-07-14,51000,51080,50420,50480,164780
2017-07-13,50080,50940,50040,50560,320683
2017-07-12,49000,50000,48840,49880,189723
2017-07-11,48640,49000,48280,49000,194356
2017-07-10,48500,48900,48320,48660,215855
2017-07-07,47740,48120,47620,47860,162638
2017-07-06,48000,48100,47720,48060,218461
2017-07-05,46820,47680,46780,47580,212805
2017-07-04,47160,47400,46900,47000,159220
2017-07-03,47500,47780,47120,47220,136111
2017-06-30,47500,47620,47100,47540,237551
2017-06-29,48040,48320,47940,47940,166131
2017-06-28,47600,48000,47560,47700,191450
2017-06-27,48220,48400,47900,48300,192335
2017-06-26,47520,48360,47520,48280,171056
2017-06-23,47600,47780,47420,47620,190302
2017-06-22,47960,48080,47720,47960,229116
2017-06-21,47740,48120,47480,47480,199473
2017-06-20,47240,48140,47220,48140,300900
2017-06-19,45580,46560,45560,46560,226078
2017-06-16,45500,45940,45460,45580,348069
2017-06-15,45680,45920,45180,45680,193140
2017-06-14,45800,46060,45240,45360,203334
2017-06-13,45140,45620,45140,45400,172498
2017-06-12,45420,45600,45140,45380,219086
2017-06-09,45680,46440,45600,46100,234657
2017-06-08,45000,45580,45000,45160,279575
2017-06-07,46500,46500,45240,45300,274588
2017-06-05,46040,46360,45720,45940,151988
2017-06-02,45060,45960,45000,45960,249775
2017-06-01,44860,44900,44400,44680,195070
2017-05-31,44580,45020,44400,44700,373382
2017-05-30,45520,45660,44480,44640,248672
2017-05-29,46220,46400,45380,45620,174791
2017-05-26,45600,46460,45540,46080,272273
2017-05-25,45160,45680,44800,45680,260896
2017-05-24,44860,45300,44800,44880,173508
2017-05-23,45400,45580,44900,44920,252141
2017-05-22,45040,45380,44760,45100,352871
2017-05-19,45640,45780,44720,44720,315247
2017-05-18,45740,46000,45540,45940,223207
2017-05-17,46120,46640,46100,46340,148489
2017-05-16,46660,46800,46100,46380,176075
2017-05-15,45620,46280,45620,46100,160028
2017-05-12,45760,46160,45660,45820,188458
2017-05-11,45420,46180,45220,45500,425557
2017-05-10,46160,47220,45600,45600,468219
2017-05-08,45520,47020,45340,47020,391651
2017-05-04,45700,45700,44860,45520,273802
2017-05-02,45500,45500,44760,44900,281366
2017-04-28,45780,45800,44520,44620,453714
2017-04-27,42700,44520,41960,43840,460645
2017-04-26,42700,42800,42520,42800,295896
2017-04-25,41460,42740,41320,42700,385992
2017-04-24,41260,41260,40920,41240,179803
2017-04-21,40480,41400,40480,40760,302610
2017-04-20,40580,40800,40080,40280,422977
2017-04-19,41300,41420,40900,40900,235258
2017-04-18,41680,41820,41280,41500,137213
2017-04-17,42000,42080,41520,41560,104495
2017-04-14,42160,42260,41760,42020,109257
2017-04-13,41660,42460,41660,42420,180816
2017-04-12,41860,41940,41700,41900,165498
2017-04-11,41940,41940,41580,41600,143458
2017-04-10,41940,41940,41500,41940,142827
2017-04-07,41800,41820,41160,41600,200420
2017-04-06,42000,42080,41600,41840,193668
2017-04-05,41900,42240,41700,42140,213994
2017-04-04,41600,42180,41520,42080,245110
2017-04-03,41400,41720,41300,41440,191588
2017-03-31,41820,42020,41200,41200,210006
2017-03-30,41880,42440,41880,41980,164080
2017-03-29,41740,41960,41580,41780,201865
2017-03-28,41560,41840,41380,41480,164325
2017-03-27,41200,41880,41180,41200,243553
2017-03-24,41600,41980,41080,41500,256163
2017-03-23,42200,42360,41700,41800,307942
2017-03-22,41600,42460,41580,42460,328545
2017-03-21,41780,42680,41760,42560,284403
2017-03-20,42000,42120,41740,41900,205001
2017-03-17,41800,42500,41720,42400,252046
2017-03-16,41800,42180,41540,41840,198663
2017-03-15,40800,41440,40800,41400,191757
2017-03-14,40620,41540,40500,41360,226501
2017-03-13,40040,40980,40040,40600,148482
2017-03-10,39960,40420,39860,40180,204556
2017-03-09,40200,40300,40020,40200,287445
2017-03-08,40200,40620,40140,40200,242819
2017-03-07,39800,40320,39800,40200,211065
2017-03-06,39220,40220,39220,40080,244697
2017-03-03,39340,39720,39160,39620,254174
2017-03-02,38420,39860,38420,39720,424996
2017-02-28,38060,38760,37960,38440,301774
2017-02-27,38020,38140,37700,38060,180674
2017-02-24,38960,39100,38060,38220,185937
2017-02-23,39020,39440,39020,39180,204346
2017-02-22,39000,39340,38980,39300,170789
2017-02-21,38540,39560,38420,38940,211252
2017-02-20,38220,38780,38160,38660,149716
2017-02-17,37560,38040,37280,37860,307549
2017-02-16,37800,38360,37780,38020,204527
2017-02-15,37080,37960,37080,37720,283831
2017-02-14,37960,38260,37320,37580,262483
2017-02-13,37740,38060,37720,37960,222041
2017-02-10,38400,38760,38300,38360,220415
2017-02-09,38780,38840,38220,38400,273883
2017-02-08,38740,38780,38200,38400,341859
2017-02-07,39560,39580,38760,38820,280836
2017-02-06,39580,39660,39140,39560,177214
2017-02-03,39400,39500,39180,39460,207727
2017-02-02,39600,39660,39200,39360,300586
2017-02-01,39540,39660,39040,39120,283008
2017-01-31,39900,39900,39460,39460,359844
2017-01-26,39420,40000,39420,39900,304290
2017-01-25,38340,39400,38320,39400,268677
2017-01-24,38120,38580,37880,38160,220975
2017-01-23,37200,38060,37000,38060,176208
2017-01-20,37120,37420,36880,37200,183700
2017-01-19,37720,37920,37020,37480,188378
2017-01-18,37040,37500,36620,36940,177508
2017-01-17,36580,37460,36580,36960,163014
2017-01-16,36860,37820,36320,36660,332230
2017-01-13,38100,38320,37460,37460,319089
2017-01-12,38000,38800,37980,38800,233383
2017-01-11,37520,38560,37420,38280,240363
2017-01-10,37280,37400,37080,37240,181996
2017-01-09,36600,37500,36560,37220,263898
2017-01-06,36180,36440,36040,36200,177619
2017-01-05,36060,36060,35540,35560,219349
2017-01-04,36500,36520,36100,36160,159435
2017-01-03,36280,36620,36020,36480,147153
2017-01-02,35980,36240,35880,36100,93012
2016-12-29,35420,36040,35400,36040,150329
2016-12-28,35840,35980,35600,35760,133258
2016-12-27,35980,36200,35860,35980,93069
2016-12-26,35600,36000,35560,35960,96472
2016-12-23,36020,36080,35600,35640,166697
2016-12-22,36260,36300,35980,36180,127092
2016-12-21,36360,36600,36020,36100,131042
2016-12-20,35920,36400,35840,36240,152304
2016-12-19,35620,36380,35620,35900,108716
2016-12-16,35300,36020,35200,35860,234954
2016-12-15,34820,35500,34820,35180,115471
2016-12-14,35560,35680,35280,35540,149102
2016-12-13,34620,35440,34620,35320,233689
2016-12-12,34660,35360,34660,35040,228289
2016-12-09,35900,35900,35400,35600,213049
2016-12-08,35980,36020,35520,35800,329251
2016-12-07,35040,35480,35040,35440,192073
2016-12-06,34440,35200,34400,34960,280036
2016-12-05,34340,34680,34220,34360,169692
2016-12-02,34480,34760,34140,34540,307059
2016-12-01,34800,35060,34660,34980,310707
2016-11-30,33540,34940,33540,34920,570704
2016-11-29,33800,33960,33380,33540,361626
2016-11-28,33000,33620,32800,33540,265881
2016-11-25,32820,33040,32660,33000,125538
2016-11-24,32980,33040,32660,33000,155143
2016-11-23,33220,33220,32520,32980,253372
2016-11-22,32140,32900,32000,32800,195022
2016-11-21,31300,32120,31300,31860,163604
2016-11-18,31640,31760,31400,31720,189215
2016-11-17,31100,31520,30900,31360,157411
2016-11-16,30800,31280,30800,31160,266164
2016-11-15,31060,31620,30780,30780,273314
2016-11-14,31900,31920,31040,31060,302666
2016-11-11,31700,32360,31700,31960,256736
2016-11-10,32600,33000,32360,32980,235907
2016-11-09,32920,33140,31820,31920,313672
2016-11-08,32980,32980,32700,32880,108349
2016-11-07,32940,33000,32680,32800,153238
2016-11-04,32100,32680,32100,32540,142077
2016-11-03,32600,32800,32120,32320,206837
2016-11-02,32800,33040,32620,32860,201985
2016-11-01,32600,33040,32240,33040,206948
2016-10-31,32320,32780,32220,32780,241344
2016-10-28,31600,32280,31600,32280,204284
2016-10-27,31420,32340,31120,31460,282340
2016-10-26,31940,31980,31240,31340,210680
2016-10-25,32000,32080,31840,31940,197322
2016-10-24,31860,32160,31800,32160,185799
2016-10-21,32120,32260,31760,31780,209550
2016-10-20,32520,33020,32180,32400,206609
2016-10-19,31580,32860,31500,32500,308891
2016-10-18,31440,31900,31440,31780,207690
2016-10-17,31300,32040,30760,31800,255704
2016-10-14,30960,31760,30940,31540,283179
2016-10-13,31000,31620,30900,31140,437291
2016-10-12,29900,30900,29880,30700,781771
2016-10-11,32000,32500,30900,30900,768543
2016-10-10,33000,33780,32560,33600,505866
2016-10-07,34000,34320,33800,34120,521011
2016-10-06,33920,34000,33340,33820,591163
2016-10-05,32020,32520,31940,32380,249409
2016-10-04,32200,32480,32120,32280,261062
2016-09-30,31800,32300,31700,31960,235254
2016-09-29,31460,32380,31440,32000,227951
2016-09-28,31080,31460,31080,31340,174128
2016-09-27,31000,31500,30660,31380,196688
2016-09-26,31420,31920,31280,31360,290496
2016-09-23,31640,31960,31320,31420,365993
2016-09-22,32000,32820,31980,32360,228599
2016-09-21,31900,32020,31520,31840,210181
2016-09-20,31180,31760,31180,31700,258423
2016-09-19,30760,31380,30720,31160,448163
2016-09-13,30160,30980,29900,30540,494345
2016-09-12,29800,30120,29120,29300,529987
2016-09-09,32220,32360,31280,31500,265168
2016-09-08,32460,32780,32280,32780,241417
2016-09-07,32960,33040,32420,32420,191837
2016-09-06,32140,32900,31940,32860,153203
2016-09-05,31800,32300,31700,32120,167676
2016-09-02,31900,32260,31760,31940,163060
2016-09-01,31660,31760,31260,31740,375803
2016-08-31,32820,32820,32220,32400,410644
2016-08-30,32940,33420,32660,32900,156992
2016-08-29,32040,32800,31940,32800,178515
2016-08-26,32120,32460,32060,32240,241160
2016-08-25,32600,33180,32440,32780,283476
2016-08-24,33600,33640,32720,33060,318771
2016-08-23,33300,33880,33140,33740,230914
2016-08-22,33480,33840,33180,33300,252244
2016-08-19,32760,33500,32720,33500,336103
2016-08-18,31340,32880,31320,32800,366541
2016-08-17,31380,31400,31020,31320,148929
2016-08-16,30900,31520,30900,31360,216862
2016-08-12,31180,31400,30880,30900,209497
2016-08-11,30820,31180,30520,31180,210672
2016-08-10,31340,31400,30680,30820,246807
2016-08-09,31480,31580,31140,31340,180464
2016-08-08,31320,31500,31120,31380,222503
2016-08-05,30580,31280,30500,31220,139177
2016-08-04,30380,30660,30340,30340,140199
2016-08-03,30960,30960,30340,30340,150098
2016-08-02,31360,31360,30920,30960,166316
2016-08-01,31380,31600,31200,31360,230308
2016-07-29,30400,31140,30220,30780,299712
2016-07-28,30660,30720,29960,30140,190074
2016-07-27,30240,30580,30240,30540,126701
2016-07-26,30000,30620,29960,30600,144570
2016-07-25,30000,30460,29900,30040,154650
2016-07-22,30120,30560,30120,30320,171703
2016-07-21,30800,30940,30740,30860,170894
2016-07-20,30660,30840,30480,30800,155463
2016-07-19,30560,30800,30440,30660,202445
2016-07-18,30360,30660,30000,30660,231344
2016-07-15,30000,30440,29720,30360,232463
2016-07-14,29620,30000,29520,30000,248605
2016-07-13,29920,29920,29260,29620,200198
2016-07-12,29980,30100,29200,29280,220494
2016-07-11,29200,30000,29200,29780,281136
2016-07-08,29000,29500,28980,29200,269963
2016-07-07,28420,29000,28320,29000,229904
2016-07-06,28940,29040,28240,28420,334983
2016-07-05,29320,29500,29240,29380,157407
2016-07-04,29280,29480,29020,29320,159900
2016-07-01,28540,29580,28540,29320,287872
2016-06-30,28160,28900,27940,28500,273434
2016-06-29,28160,28240,27820,27920,210541
2016-06-28,27800,28080,27580,27980,214379
2016-06-27,28000,28100,27700,27960,236780
2016-06-24,28900,28900,27200,28000,411052
2016-06-23,28880,28900,28540,28600,225126
2016-06-22,28920,29000,28620,28900,178965
2016-06-21,28640,28980,28520,28960,200411
2016-06-20,28540,28960,28520,28620,270316
2016-06-17,28200,28700,28200,28520,328394
2016-06-16,28260,28340,27900,28180,292431
2016-06-15,27700,28320,27660,28260,306689
2016-06-14,27420,27720,27380,27600,245461
2016-06-13,27920,27920,27240,27420,304966
2016-06-10,28480,28500,28080,28120,289681
2016-06-09,28160,28600,28120,28600,515375
2016-06-08,28380,28380,27780,28120,376162
2016-06-07,27720,28040,27600,27960,462843
2016-06-03,27400,27580,27280,27540,341324
2016-06-02,27000,27440,26920,27300,476139
2016-06-01,25960,26820,25900,26660,470080
2016-05-31,25600,26000,25360,25840,1250554
2016-05-30,25940,25940,25480,25600,206307
2016-05-27,26000,26020,25460,25640,274891
2016-05-26,25980,26060,25900,25920,253073
2016-05-25,25660,25960,25480,25900,237255
2016-05-24,25720,25780,25360,25420,208692
2016-05-23,25380,25720,25380,25720,162251
2016-05-20,25400,25600,25380,25380,159211
2016-05-19,25360,25540,25320,25400,200249
2016-05-18,25280,25420,25100,25360,183392
2016-05-17,24980,25300,24980,25280,183671
2016-05-16,25060,25260,24940,24960,234403
2016-05-13,25620,25620,25020,25060,245698
2016-05-12,25840,25840,25500,25620,152302
2016-05-11,25920,25980,25740,25840,176688
2016-05-10,25980,26000,25760,25920,171191
2016-05-09,25800,26000,25700,25980,312894
2016-05-04,25440,25800,25240,25800,294055
2016-05-03,25340,25400,25120,25220,158066
2016-05-02,24940,25240,24900,25000,140552
2016-04-29,25200,25340,24840,24900,325078
2016-04-28,26000,26000,25220,25300,293069
2016-04-27,25880,26000,25720,26000,165946
2016-04-26,25700,26100,25660,25920,166901
2016-04-25,25700,25700,25420,25620,91957
2016-04-22,25880,25880,25540,25600,114830
2016-04-21,26000,26020,25760,25880,145089
2016-04-20,25640,26000,25640,25980,171972
2016-04-19,25880,25920,25660,25760,144766
2016-04-18,25900,26100,25840,25980,128474
2016-04-15,26180,26200,25800,26000,136599
2016-04-14,26000,26040,25780,26000,335327
2016-04-12,25400,25620,25320,25500,134054
2016-04-11,24920,25420,24920,25320,120693
2016-04-08,25380,25380,24800,24920,251868
2016-04-07,26000,26000,25160,25380,258795
2016-04-06,25380,25820,25360,25700,184234
2016-04-05,25980,25980,25200,25200,236319
2016-04-04,25580,26100,25580,26100,188046
2016-04-01,25980,26180,25420,25580,271156
2016-03-31,26120,26280,25960,26240,382615
2016-03-30,26200,26420,26040,26160,267605
2016-03-29,25880,26000,25700,25800,172454
2016-03-28,25760,26000,25760,25880,121218
2016-03-25,25660,25800,25560,25760,143446
2016-03-24,25580,25800,25320,25640,218795
2016-03-23,25380,25580,25240,25580,197418
2016-03-22,25340,25580,25240,25380,202872
2016-03-21,25480,25580,25160,25340,181170
2016-03-18,25560,25560,25260,25460,225314
2016-03-17,25300,25920,25140,25260,246869
2016-03-16,25120,25260,25060,25120,146856
2016-03-15,25100,25280,24920,25060,172808
2016-03-14,25340,25460,24980,25100,217154
2016-03-11,24500,25060,24320,24980,267225
2016-03-10,24160,24720,24020,24500,283540
2016-03-09,23760,23980,23540,23880,183380
2016-03-08,24460,24480,23720,23840,216202
2016-03-07,24400,24620,24300,24460,131376
2016-03-04,24400,24560,24040,24300,201490
2016-03-03,24260,24400,24040,24400,218991
2016-03-02,24000,24140,23920,23940,236372
2016-02-29,23580,23880,23520,23560,288680
2016-02-26,23600,23740,23440,23440,177344
2016-02-25,23440,23740,23440,23580,133635
2016-02-24,23560,23580,23220,23440,140484
2016-02-23,23580,23780,23460,23620,147674
2016-02-22,23800,23840,23320,23500,174899
2016-02-19,23740,23900,23480,23800,176852
2016-02-18,24060,24060,23560,23740,222481
2016-02-17,23580,24020,23380,23700,246062
2016-02-16,23160,23580,23140,23360,180401
2016-02-15,23080,23200,22880,23080,183146
2016-02-12,22600,23020,22440,22600,256232
2016-02-11,22360,22740,22360,22600,305262
2016-02-05,23120,23380,23120,23280,188094
2016-02-04,23000,23220,22960,23120,247959
2016-02-03,23000,23040,22740,22920,174507
2016-02-02,23220,23320,22940,23120,166348
2016-02-01,23040,23260,23020,23260,259979
2016-01-29,22800,23000,22320,23000,436983
2016-01-28,23280,23360,22780,22900,315912
2016-01-27,22520,23500,22520,23500,276237
2016-01-26,23100,23140,22720,22740,152399
2016-01-25,23440,23520,23120,23240,159913
2016-01-22,22900,23360,22900,23360,147528
2016-01-21,22660,23100,22500,22620,190352
2016-01-20,23200,23200,22640,22760,167052
2016-01-19,22560,23420,22560,23420,207242
2016-01-18,21760,22660,21760,22520,320214
2016-01-15,22800,23040,22480,22640,209464
2016-01-14,22620,22840,22620,22760,209022
2016-01-13,23060,23180,22960,22960,143316
2016-01-12,22960,23320,22880,22920,206283
2016-01-11,23120,23320,22920,23040,241277
2016-01-08,23260,23720,23260,23420,257763
2016-01-07,23320,23660,23020,23260,282388
2016-01-06,24160,24160,23360,23500,366752
2016-01-05,24040,24360,23720,24160,216002
2016-01-04,25200,25200,24100,24100,306939
2015-12-30,25200,25440,25080,25200,203958
2015-12-29,25300,25320,24820,25080,232944
2015-12-28,25700,25780,25320,25320,227230
2015-12-24,25900,26000,25700,25700,156151
2015-12-23,25840,25980,25640,25900,207148
2015-12-22,25600,25840,25340,25840,206192
2015-12-21,25560,25700,25220,25600,160466
2015-12-18,25300,25760,25280,25560,168369
2015-12-17,26020,26160,25500,25800,174677
2015-12-16,25560,26200,25560,25980,207962
2015-12-15,25220,25600,25200,25540,175494
2015-12-14,25460,25460,25100,25220,222801
2015-12-11,25660,25900,25440,25680,206729
2015-12-10,25260,25860,25260,25660,303867
2015-12-09,25240,25500,25240,25260,181812
2015-12-08,25240,25440,25240,25240,138322
2015-12-07,25380,25500,25240,25240,196107
2015-12-04,25500,25600,25340,25380,192711
2015-12-03,25900,25940,25720,25800,166695
2015-12-02,26420,26440,25880,26000,229628
2015-12-01,25880,26440,25760,26420,252113
2015-11-30,26500,26500,25680,25680,534006
2015-11-27,26900,26980,26540,26540,169854
2015-11-26,25980,26800,25980,26700,185800
2015-11-25,26000,26200,25980,25980,142627
2015-11-24,25640,26100,25640,25980,159560
2015-11-23,25700,26040,25620,25640,198820
2015-11-20,25780,25920,25560,25700,168720
2015-11-19,25800,25800,25420,25780,192850
2015-11-18,25440,25800,25440,25620,167735
2015-11-17,25500,25800,25400,25400,186184
2015-11-16,25820,25820,25260,25260,275705
2015-11-13,26340,26340,26000,26000,177677
2015-11-12,26660,26680,26340,26340,157417
2015-11-11,26420,26900,26420,26660,140449
2015-11-10,26720,26820,26280,26420,197551
2015-11-09,26760,26880,26420,26880,185661
2015-11-06,26860,26960,26600,26760,164322
2015-11-05,26600,27080,26600,26840,173042
2015-11-04,27040,27220,26520,26600,281070
2015-11-03,27620,27620,27000,27040,301840
2015-11-02,27700,27860,27480,27660,386546
2015-10-30,26900,27800,26820,27440,509385
2015-10-29,26600,27840,26480,26500,630471
2015-10-28,25880,26160,25820,26160,271303
2015-10-27,25640,25980,25620,25960,132241
2015-10-26,25960,25960,25440,25840,152165
2015-10-23,26000,26000,25560,25780,263071
2015-10-22,25600,25900,25380,25600,230673
2015-10-21,25300,25640,25180,25400,139567
2015-10-20,25200,25460,25120,25320,150347
2015-10-19,25140,25300,24980,25120,117070
2015-10-16,25300,25380,25180,25300,143968
2015-10-15,24880,25640,24860,25380,248503
2015-10-14,24960,25200,24740,25080,175051
2015-10-13,25200,25440,24960,25040,198000
2015-10-12,25200,25260,24940,25200,378974
2015-10-08,25000,25580,25000,25400,570677
2015-10-07,23960,25040,23720,25020,799502
2015-10-06,22600,23100,22540,23020,382987
2015-10-05,22380,22620,22300,22300,241935
2015-10-02,22240,22660,22240,22380,274302
2015-10-01,22800,22900,22420,22680,241041
2015-09-30,22000,22680,21800,22680,458936
2015-09-25,22400,22500,22180,22240,209160
2015-09-24,22520,22700,22500,22520,132721
2015-09-23,22880,22880,22500,22620,197649
2015-09-22,22860,23000,22600,22900,250675
2015-09-21,23260,23460,23000,23000,205359
2015-09-18,22900,23840,22700,23800,436270
2015-09-17,23060,23140,22880,23140,273960
2015-09-16,22420,23140,22420,23040,343763
2015-09-15,22280,22560,22260,22460,232956
2015-09-14,22400,22480,22200,22480,167073
2015-09-11,22520,22660,22300,22300,204167
2015-09-10,22600,22780,22360,22680,362568
2015-09-09,22920,22940,22720,22940,259376
2015-09-08,22260,22720,22120,22620,182330
2015-09-07,22580,22580,22100,22240,191805
2015-09-04,22880,22880,22360,22580,251734
2015-09-03,22040,22460,21860,22440,305142
2015-09-02,21380,21900,21300,21800,312683
2015-09-01,21780,21960,21620,21700,240372
2015-08-31,21420,21780,21040,21780,408309
2015-08-28,21720,21720,21460,21620,462223
2015-08-27,21640,21720,21260,21340,495388
2015-08-26,21360,21480,21000,21340,558952
2015-08-25,21580,22140,21340,21580,392519
2015-08-24,21760,22300,20660,21580,448592
2015-08-21,21980,22560,21920,22020,408851
2015-08-20,23260,23420,22600,22780,216119
2015-08-19,23380,23520,22820,23080,401415
2015-08-18,22360,22820,22340,22620,231672
2015-08-17,22800,22820,22080,22080,227217
2015-08-13,23060,23060,22760,22800,150411
2015-08-12,23000,23280,22800,23080,223080
2015-08-11,23020,23580,22960,23140,233286
2015-08-10,22800,22840,22600,22820,114450
2015-08-07,22400,22740,22300,22720,275742
2015-08-06,23100,23120,22300,22300,403981
2015-08-05,23640,23640,23160,23180,256050
2015-08-04,23500,23740,23400,23640,256887
2015-08-03,23680,23680,23320,23500,196891
2015-07-31,24400,24440,23500,23700,391589
2015-07-30,25160,25200,24300,24300,308392
2015-07-29,25000,25500,24620,25260,274689
2015-07-28,24480,25020,24380,24600,267627
2015-07-27,24580,24940,24560,24600,243040
2015-07-24,24540,24760,24480,24580,196584
2015-07-23,24880,25060,24680,24680,208965
2015-07-22,24880,25200,24700,25060,268323
2015-07-21,25500,25540,24940,25260,194055
2015-07-20,25820,26080,25460,25500,128928
2015-07-17,26000,26220,25560,26100,297233
2015-07-16,24460,25740,24460,25640,223469
2015-07-15,24500,24760,24480,24700,167413
2015-07-14,25300,25400,24420,24500,399794
2015-07-13,25000,25440,24900,25320,153441
2015-07-10,25140,25320,24960,25180,191468
2015-07-09,24600,25300,24520,25300,280610
2015-07-08,24800,25020,24640,24780,235619
2015-07-07,24400,25180,24400,24800,249565
2015-07-06,25060,25200,24460,24600,201999
2015-07-03,25740,25880,25340,25360,142604
2015-07-02,25720,26080,25700,25980,164460
2015-07-01,25360,26040,25180,25900,166498
2015-06-30,25520,25700,25320,25360,197407
2015-06-29,25380,25700,25120,25620,230399
2015-06-26,25040,25800,25040,25560,206950
2015-06-25,25800,26060,25380,25380,213916
2015-06-24,26000,26220,25820,26040,203960
2015-06-23,26180,26560,25820,26420,203180
2015-06-22,25820,25920,25520,25620,127418
2015-06-19,25320,25560,25200,25320,141895
2015-06-18,25180,25580,25020,25300,164952
2015-06-17,25000,25320,24800,25080,189046
2015-06-16,25400,25480,24900,25100,255352
2015-06-15,25100,25480,25100,25400,161356
2015-06-12,25560,25740,25280,25540,234830
2015-06-11,25260,25480,25060,25140,306281
2015-06-10,25640,25880,25240,25240,250034
2015-06-09,26000,26200,25360,25640,274705
2015-06-08,26900,26940,26260,26280,202379
2015-06-05,26500,27100,26400,26820,196563
2015-06-04,26300,26820,26100,26740,388239
2015-06-03,26060,26320,25300,25460,235388
2015-06-02,26000,26060,25760,26060,175151
2015-06-01,26000,26020,25760,25820,218439
2015-05-29,26400,26420,25940,26140,347615
2015-05-28,26340,26420,26020,26180,300963
2015-05-27,27200,27320,26260,26280,345309
2015-05-26,27320,27380,26720,27240,200683
2015-05-22,27060,27060,26700,27000,163916
2015-05-21,27420,27440,26880,27040,144212
2015-05-20,26980,27400,26820,27320,205829
2015-05-19,26420,27100,26140,26760,173618
2015-05-18,26700,26700,26180,26400,192537
2015-05-15,27100,27120,26420,26520,178447
2015-05-14,26820,26860,26560,26800,169770
2015-05-13,26980,26980,26520,26660,197545
2015-05-12,26900,27060,26480,26620,212664
2015-05-11,27200,27200,26720,26720,192809
2015-05-08,27320,27400,26760,26760,189762
2015-05-07,27240,27500,27080,27400,205148
2015-05-06,27800,27820,27120,27240,265410
2015-05-04,28140,28460,27940,28000,165674
2015-04-30,27700,28360,27580,28200,367057
2015-04-29,27340,27880,27280,27700,217913
2015-04-28,27800,28000,27180,27320,313946
2015-04-27,28200,28220,27500,27900,330343
2015-04-24,28980,29100,28000,28200,381798
2015-04-23,29400,29400,28800,29020,184903
2015-04-22,28880,29460,28720,29220,253111
2015-04-21,28420,28900,28400,28880,237053
2015-04-20,28920,28960,28460,28600,247898
2015-04-17,29540,29560,28940,29000,203446
2015-04-16,29240,29540,28940,29540,215247
2015-04-15,29200,29400,28540,28920,271021
2015-04-14,29700,29700,29300,29480,188595
2015-04-13,29580,29820,29360,29580,205866
2015-04-10,29600,29880,29560,29800,199202
2015-04-09,29400,29780,29400,29660,182151
2015-04-08,29400,29700,29200,29580,155468
2015-04-07,29560,29700,29240,29240,190521
2015-04-06,28860,29800,28700,29400,211652
2015-04-03,28680,28800,28400,28680,125403
2015-04-02,28680,28800,28460,28680,138068
2015-04-01,28740,28740,28400,28460,145321
2015-03-31,28980,29040,28600,28820,196853
2015-03-30,28500,28680,28240,28560,179110
2015-03-27,28300,28960,28300,28420,321316
2015-03-26,29000,29120,28420,28420,420119
2015-03-25,29740,29760,29440,29700,187381
2015-03-24,29100,29560,29100,29520,182263
2015-03-23,29240,29480,29160,29340,162458
2015-03-20,29500,29600,29200,29280,254099
2015-03-19,30200,30200,29400,29400,264516
2015-03-18,29920,30120,29720,30060,249287
2015-03-17,29400,30000,29200,29940,273223
2015-03-16,29160,29740,29100,29400,179491
2015-03-13,29220,29580,29100,29140,188262
2015-03-12,29200,29460,28940,28940,383064
2015-03-11,28380,29580,28360,29480,422173
2015-03-10,28680,28860,28400,28420,208397
2015-03-09,28800,28800,28400,28400,156292
2015-03-06,28280,28980,28120,28840,234670
2015-03-05,28780,28860,28340,28440,192312
2015-03-04,28220,28800,28200,28740,232062
2015-03-03,28700,28740,28120,28360,274976
2015-03-02,27500,28460,27340,28460,436112
2015-02-27,27500,27520,27140,27140,260188
2015-02-26,27580,27600,27360,27500,163583
2015-02-25,27600,27700,27460,27580,167485
2015-02-24,27700,27780,27280,27340,217265
2015-02-23,27560,27800,27320,27340,306036
2015-02-17,27480,27540,27280,27540,114900
2015-02-16,27360,27480,27220,27480,124530
2015-02-13,27200,27220,26900,27220,130458
2015-02-12,26800,27160,26620,26880,214964
2015-02-11,27480,27480,27080,27100,199476
2015-02-10,28000,28000,27540,27560,130387
2015-02-09,27200,27980,27140,27900,173870
2015-02-06,26920,27480,26720,27440,160101
2015-02-05,27180,27380,26920,27160,135408
2015-02-04,27500,27620,27180,27180,186578
2015-02-03,27600,27600,27180,27320,113088
2015-02-02,27300,27540,27120,27360,210420
2015-01-30,27200,27540,27200,27300,322200
2015-01-29,27360,27900,27140,27200,274045
2015-01-28,27720,27800,27480,27560,216630
2015-01-27,27500,28000,27480,28000,199144
2015-01-26,27500,27900,27280,27780,203070
2015-01-23,28000,28000,27540,27720,257175
2015-01-22,27960,27980,27560,27560,359154
2015-01-21,27340,27900,27200,27900,332253
2015-01-20,27000,27440,26900,27440,265561
2015-01-19,26580,26980,26400,26860,133459
2015-01-16,26680,26680,26260,26320,271370
2015-01-15,26900,26980,26580,26680,282078
2015-01-14,26780,27100,26700,26900,286645
2015-01-13,26280,26800,26000,26780,245868
2015-01-12,26260,26380,26020,26320,166508
2015-01-09,26280,26440,26280,26280,186248
2015-01-08,26780,26780,26200,26280,289552
2015-01-07,25880,26220,25640,26140,286455
2015-01-06,26300,26340,25760,25900,304710
2015-01-05,26720,26720,26260,26660,202790
2015-01-02,26800,26800,26540,26600,175499
2014-12-30,26600,26700,26420,26540,212982
2014-12-29,26900,26940,26580,26580,192749
2014-12-26,26860,27100,26860,27040,229762
2014-12-24,26780,26860,26780,26860,125140
2014-12-23,26920,26980,26740,26780,219527
2014-12-22,26900,26940,26360,26900,358877
2014-12-19,25880,26560,25740,26560,367130
2014-12-18,25320,25580,25040,25320,236165
2014-12-17,25580,25660,25060,25320,261773
2014-12-16,25400,25780,25360,25580,257895
2014-12-15,25600,25600,25200,25460,286759
2014-12-12,26060,26080,25480,25720,287945
2014-12-11,26340,26380,25880,26100,409817
2014-12-10,26920,26920,26340,26340,319556
2014-12-09,26380,27140,26380,26980,271062
2014-12-08,26060,26420,26040,26380,158331
2014-12-05,26280,26280,26000,26040,112756
2014-12-04,26040,26060,25960,26000,177427
2014-12-03,26000,26020,25900,25960,194710
2014-12-02,25900,25900,25320,25900,184454
2014-12-01,25880,25960,25740,25900,257337
2014-11-28,25900,25920,25480,25740,196891
2014-11-27,25460,26020,25280,25280,887556
2014-11-26,23800,24220,23640,24020,245758
2014-11-25,24480,24480,23800,23800,356221
2014-11-24,24940,24960,24200,24400,205686
2014-11-21,24380,24520,24340,24460,246727
2014-11-20,24120,24400,24120,24200,200483
2014-11-19,24760,24760,24240,24360,250055
2014-11-18,24400,24540,24300,24400,215094
2014-11-17,23800,24400,23640,24100,193879
2014-11-14,24020,24020,23600,23880,212435
2014-11-13,24560,24640,23980,24000,230943
2014-11-12,24620,24680,24380,24600,181592
2014-11-11,25100,25220,24540,24620,242828
2014-11-10,24520,25380,24440,25360,384058
2014-11-07,24360,24360,23900,24120,120604
2014-11-06,23960,24200,23860,24080,171403
2014-11-05,24300,24500,23880,24040,203243
2014-11-04,24380,24840,24100,24340,260006
2014-11-03,25000,25040,24320,24700,269516
2014-10-31,23960,25000,23700,24880,772463
2014-10-30,22580,23660,22300,23620,491339
2014-10-29,22000,22600,21800,22600,274522
2014-10-28,21800,22000,21720,21820,124877
2014-10-27,22020,22220,21740,21900,167772
2014-10-24,22060,22240,21840,22240,167569
2014-10-23,22260,22260,21800,21880,170118
2014-10-22,21940,22080,21800,22080,222554
2014-10-21,21880,22000,21620,21660,235321
2014-10-20,22300,22340,22020,22120,189535
2014-10-17,22120,22300,21740,21780,325635
2014-10-16,22320,22420,22080,22300,302966
2014-10-15,22560,22900,22400,22500,282872
2014-10-14,22540,22920,22400,22540,331451
2014-10-13,21640,22540,21560,22160,226895
2014-10-10,22000,22280,21980,22100,436749
2014-10-08,22840,23020,22480,22600,294411
2014-10-07,23240,23720,23240,23240,202983
2014-10-06,22900,23120,22760,23020,425058
2014-10-02,23300,23300,22820,22820,254655
2014-10-01,23480,23660,23120,23120,238596
2014-09-30,23700,23760,23300,23680,247586
2014-09-29,23860,24000,23400,23900,188020
2014-09-26,23040,23700,22960,23700,248271
2014-09-25,23240,23320,22940,23120,388290
2014-09-24,23040,23220,22820,23000,315784
2014-09-23,23560,23700,23220,23220,390828
2014-09-22,24080,24080,23600,23760,320442
2014-09-19,24460,24460,24120,24200,268701
2014-09-18,24600,24600,24080,24200,189535
2014-09-17,24140,24520,24140,24520,150915
2014-09-16,24160,24300,24020,24120,141848
2014-09-15,24140,24160,23920,24000,143230
2014-09-12,24000,24160,24000,24020,217447
2014-09-11,24000,24140,23840,23840,466184
2014-09-05,24300,24320,23900,24020,215408
2014-09-04,24200,24320,24040,24200,241999
2014-09-03,24000,24000,23600,23780,424775
2014-09-02,24420,24500,23880,23880,317992
2014-09-01,24720,24740,24480,24520,113281
2014-08-29,24760,24760,24560,24680,291165
2014-08-28,25160,25160,24720,24840,206237
2014-08-27,24460,24740,24440,24600,243420
2014-08-26,24700,24700,24420,24440,214389
2014-08-25,24620,24620,24420,24560,231544
2014-08-22,24900,24940,24700,24940,168153
2014-08-21,25100,25220,24620,24700,342108
2014-08-20,25280,25420,25020,25220,188612
2014-08-19,25280,25460,25060,25080,200888
2014-08-18,25580,25600,25000,25000,210379
2014-08-14,25480,25640,25080,25220,208947
2014-08-13,25500,25500,24960,25280,256900
2014-08-12,25400,25880,25240,25320,179914
2014-08-11,25500,25640,25140,25400,372385
2014-08-08,25680,25700,24960,25000,412429
2014-08-07,26000,26040,25700,25800,190545
2014-08-06,26120,26320,25900,26000,216602
2014-08-05,26020,26420,26000,26320,172529
2014-08-04,26000,26340,25820,26340,241335
2014-08-01,26100,26560,25840,25840,564621
2014-07-31,27480,27700,26720,26860,487027
2014-07-30,27760,28160,27480,27900,347189
2014-07-29,27100,27760,27060,27720,256186
2014-07-28,27100,27340,26880,27160,179851
2014-07-25,26920,27100,26700,27100,175803
2014-07-24,27000,27160,26620,27100,161034
2014-07-23,27080,27140,26700,26760,128346
2014-07-22,26960,27160,26900,26960,126019
2014-07-21,26980,27200,26860,27060,161199
2014-07-18,26300,26860,26280,26860,194853
2014-07-17,26520,26700,26400,26600,218454
2014-07-16,26260,26460,26220,26420,182284
2014-07-15,26000,26460,25940,26400,239521
2014-07-14,25960,26000,25720,25720,141643
2014-07-11,26000,26040,25640,25680,215592
2014-07-10,26160,26220,26040,26120,179204
2014-07-09,25740,26160,25660,26160,236598
2014-07-08,25880,26380,25740,25900,241464
2014-07-07,25820,26020,25800,25840,188741
2014-07-04,26440,26520,26060,26120,119577
2014-07-03,26720,26720,26320,26360,170861
2014-07-02,26340,26620,26120,26600,222785
2014-07-01,26160,26280,26020,26200,174508
2014-06-30,26200,26480,26180,26440,177621
2014-06-27,26140,26380,26120,26220,179061
2014-06-26,26180,26860,26140,26500,255306
2014-06-25,26600,26660,26360,26400,204638
2014-06-24,26800,27080,26640,26900,237817
2014-06-23,26420,26640,26320,26440,249765
2014-06-20,26600,26600,25920,26020,478053
2014-06-19,26900,26980,26400,26460,446794
2014-06-18,27460,27520,27120,27160,220887
2014-06-17,27200,27560,27020,27480,269535
2014-06-16,27600,27640,27240,27480,306399
2014-06-13,28040,28080,27260,27340,371781
2014-06-12,28600,28600,28020,28260,258863
2014-06-11,28240,28600,28240,28440,172515
2014-06-10,28420,28760,28100,28720,184282
2014-06-09,29400,29460,28040,28180,445392
2014-06-05,29320,29600,29000,29140,270141
2014-06-03,29680,29900,29300,29400,344685
2014-06-02,28860,29160,28780,29100,148789
2014-05-30,29400,29640,28860,28860,316621
2014-05-29,29000,29300,28800,29200,250430
2014-05-28,28380,28700,28180,28660,184019
2014-05-27,28340,28460,28060,28140,94968
2014-05-26,28400,28640,28300,28440,74712
2014-05-23,28100,28560,28100,28560,170233
2014-05-22,28820,28960,28520,28520,190800
2014-05-21,28700,29000,28700,28820,216850
2014-05-20,28900,29080,28700,29020,320146
2014-05-19,28560,29000,28160,28960,385621
2014-05-16,28000,28740,27980,28560,317130
2014-05-15,28280,28380,28060,28200,136134
2014-05-14,28180,28300,28020,28300,222075
2014-05-13,27760,28500,27760,28000,242148
2014-05-12,26720,27900,26640,27760,318896
2014-05-09,27120,27160,26520,26700,263141
2014-05-08,27100,27100,26880,27000,325638
2014-05-07,27000,27120,26800,26880,283794
2014-05-02,27080,27180,26880,26920,298867
2014-04-30,27600,27620,26520,26860,300946
2014-04-29,27780,27900,27020,27200,218184
2014-04-28,28080,28120,27640,27760,188629
2014-04-25,28400,28560,27960,27980,305396
2014-04-24,28180,28180,27980,28140,210924
2014-04-23,27880,27900,27640,27780,190015
2014-04-22,27480,27680,27420,27500,121686
2014-04-21,27580,27720,27500,27600,65985
2014-04-18,27400,27580,27400,27560,190367
2014-04-17,27520,27600,27320,27400,144833
2014-04-16,27400,27840,27260,27600,186171
2014-04-15,27720,27740,27380,27400,219396
2014-04-14,27300,27720,27300,27400,211720
2014-04-11,27240,27360,27180,27300,213187
2014-04-10,27380,27600,27200,27600,199984
2014-04-09,27880,27900,27280,27420,321232
2014-04-08,27740,27980,27500,27880,212164
2014-04-07,27940,27940,27480,27940,215235
2014-04-04,27540,27940,27540,27600,368007
2014-04-03,27020,27900,27020,27800,381976
2014-04-02,27000,27140,26860,27140,262001
2014-04-01,26900,26900,26620,26780,221620
2014-03-31,26900,26900,26440,26860,265197
2014-03-28,26400,26760,26400,26700,212974
2014-03-27,25800,26660,25700,26660,417557
2014-03-26,25380,25800,24960,25700,348894
2014-03-25,25380,25400,24820,24940,272500
2014-03-24,25200,25480,25180,25460,141478
2014-03-21,25380,25460,25240,25460,166426
2014-03-20,25400,25440,25240,25240,118788
2014-03-19,25600,25700,25360,25380,152771
2014-03-18,25400,25660,25320,25560,220912
2014-03-17,25500,25520,25160,25320,176400
2014-03-14,25400,25700,25400,25500,216736
2014-03-13,25880,26260,25800,25800,235004
2014-03-12,26400,26400,25860,25880,251585
2014-03-11,26400,26540,26180,26440,181596
2014-03-10,26400,26600,26340,26400,173152
2014-03-07,26780,26780,26580,26780,150973
2014-03-06,26580,26580,26200,26520,172335
2014-03-05,26700,26820,26600,26600,149830
2014-03-04,26400,26580,26300,26300,158003
2014-03-03,26720,26800,26420,26500,242083
2014-02-28,26740,26980,26640,26980,284647
2014-02-27,26700,26840,26600,26820,157827
2014-02-26,26740,26860,26500,26840,258361
2014-02-25,26640,26800,26520,26680,175706
2014-02-24,26680,26900,26420,26560,148501
2014-02-21,26660,26660,26000,26600,286924
2014-02-20,25800,25920,25620,25720,190866
2014-02-19,26000,26000,25600,25800,123595
2014-02-18,25700,25980,25640,25900,118213
2014-02-17,25840,26120,25600,25700,187733
2014-02-14,25920,26160,25840,26020,124415
2014-02-13,26000,26400,25800,25960,116769
2014-02-12,26620,26620,26100,26140,200548
2014-02-11,25620,26300,25440,26220,253680
2014-02-10,25420,25620,25240,25540,155993
2014-02-07,25500,25580,25260,25500,198872
2014-02-06,24900,25340,24800,25180,303949
2014-02-05,24900,25100,24680,24740,298533
2014-02-04,25260,25260,24980,24980,320660
2014-02-03,25720,25760,25420,25440,325184
2014-01-29,25600,25760,25540,25600,383637
2014-01-28,25460,25860,25460,25660,234027
2014-01-27,25860,26080,25700,25840,266926
2014-01-24,26000,26360,25820,26140,280035
2014-01-23,26320,26440,25980,25980,206739
2014-01-22,26280,26560,26240,26560,216530
2014-01-21,26300,26540,26220,26480,151246
2014-01-20,26100,26380,25920,26320,173656
2014-01-17,26020,26300,25840,25840,255485
2014-01-16,26000,26200,25860,26020,195049
2014-01-15,26600,26620,25960,25980,234949
2014-01-14,25940,26600,25800,26260,294333
2014-01-13,25660,25940,25460,25900,328987
2014-01-10,25500,25720,25440,25440,363783
2014-01-09,26140,26140,25500,25500,425019
2014-01-08,26000,26080,25740,25820,409493
2014-01-07,26000,26360,25900,26080,395264
2014-01-06,26060,26400,25920,26140,394716
2014-01-03,26000,26220,25740,25920,529932
2014-01-02,26960,27100,26040,26180,620500
2013-12-30,27920,27940,27200,27440,338162
2013-12-27,28200,28220,27900,27920,210200
2013-12-26,28160,28300,28020,28160,246156
2013-12-24,28600,28640,28300,28300,219607
2013-12-23,28740,28760,28580,28660,212784
2013-12-20,28260,28540,28260,28540,168148
2013-12-19,28360,28680,28360,28540,211048
2013-12-18,28100,28200,27880,28020,217984
2013-12-17,28340,28340,27860,27900,155248
2013-12-16,27820,28080,27660,28000,179088
2013-12-13,28200,28220,27800,27800,201065
2013-12-12,27920,28200,27920,28200,299241
2013-12-11,28520,28880,28320,28400,212583
2013-12-10,28820,29020,28620,28800,155112
2013-12-09,28800,29080,28800,29080,139938
2013-12-06,29080,29080,28560,28560,182949
2013-12-05,28660,28920,28440,28800,209593
2013-12-04,29000,29060,28620,28640,216880
2013-12-03,29280,29560,29140,29220,155972
2013-12-02,30000,30060,29340,29340,149756
2013-11-29,29980,29980,29700,29880,135044
2013-11-28,29600,29880,29580,29880,212898
2013-11-27,29340,29520,29200,29400,187034
2013-11-26,29160,29580,29100,29580,171725
2013-11-25,29020,29440,29020,29300,132306
2013-11-22,28820,29120,28620,29000,171492
2013-11-21,29440,29440,28640,28800,180396
2013-11-20,29460,29740,29280,29400,163563
2013-11-19,29660,29780,29540,29780,163671
2013-11-18,29400,29520,29300,29480,127736
2013-11-15,28680,29240,28640,29240,166785
2013-11-14,29100,29100,28480,28480,202643
2013-11-13,28900,28980,28380,28380,199904
2013-11-12,28800,29320,28720,29120,195698
2013-11-11,28500,28680,28180,28560,171277
2013-11-08,28220,28560,28140,28200,273627
2013-11-07,29020,29080,28500,28740,260136
2013-11-06,29960,29960,28980,29020,244368
2013-11-05,30040,30040,29440,29700,160186
2013-11-04,29840,30040,29780,29980,217756
2013-11-01,29800,30000,29360,30000,227154
2013-10-31,29960,30040,29300,29300,252941
2013-10-30,29700,30000,29680,30000,211768
2013-10-29,29800,29800,29560,29800,206698
2013-10-28,29300,29700,29160,29640,226154
2013-10-25,29000,29040,28660,28980,134706
2013-10-24,28620,28980,28580,28980,178313
2013-10-23,29280,29280,28720,28840,171969
2013-10-22,29200,29200,28680,29100,247065
2013-10-21,29500,29780,29080,29280,142521
2013-10-18,29440,29500,29260,29440,157043
2013-10-17,29200,29360,29080,29260,181987
2013-10-16,29380,29380,28900,29000,160212
2013-10-15,29000,29140,28900,29140,200473
2013-10-14,28960,28980,28760,28760,147474
2013-10-11,28800,28940,28720,28860,225083
2013-10-10,28420,28640,28420,28600,276380
2013-10-08,28340,28660,28340,28600,210920
2013-10-07,28740,28740,28500,28720,204565
2013-10-04,28760,28840,28280,28360,315074
2013-10-02,27960,28500,27800,28360,351727
2013-10-01,27600,27660,27200,27640,195463
2013-09-30,27320,27640,27200,27340,233018
2013-09-27,27500,27540,27260,27320,232265
2013-09-26,27280,27440,27120,27440,207494
2013-09-25,27340,27480,27020,27280,223529
2013-09-24,26840,27580,26760,27460,302778
2013-09-23,27300,27620,27060,27200,487258
2013-09-17,28400,28400,27620,27720,343627
2013-09-16,28460,28500,28220,28500,234214
2013-09-13,28180,28200,27920,28120,245630
2013-09-12,28100,28480,27900,28200,436108
2013-09-11,27960,28040,27700,28040,267060
2013-09-10,27380,27920,27360,27920,294353
2013-09-09,27420,27500,27260,27460,185831
2013-09-06,27400,27500,27160,27380,238759
2013-09-05,27400,27420,27160,27300,302002
2013-09-04,26600,27080,26420,26800,218401
2013-09-03,27280,27280,26520,26740,235970
2013-09-02,27360,27420,27000,27020,201632
2013-08-30,27200,27360,27020,27360,342716
2013-08-29,26340,26960,26280,26880,326300
2013-08-28,25680,26200,25680,26180,189851
2013-08-27,26140,26180,25900,26080,182616
2013-08-26,26020,26100,25920,26000,230393
2013-08-23,25600,26000,25420,25900,344068
2013-08-22,25000,25340,24900,25100,239697
2013-08-21,25300,25640,25120,25120,246921
2013-08-20,25920,26100,25380,25380,284619
2013-08-19,25720,25920,25600,25720,129997
2013-08-16,25720,26020,25640,25900,228332
2013-08-14,25780,26000,25700,26000,260102
2013-08-13,24880,25800,24840,25800,418589
2013-08-12,24600,24960,24500,24640,202812
2013-08-09,24580,24820,24400,24600,241604
2013-08-08,24260,24700,24260,24340,358216
2013-08-07,24740,24800,24440,24440,315562
2013-08-06,24900,25440,24900,25080,289874
2013-08-05,25660,25660,25480,25480,161597
2013-08-02,25860,26000,25640,25720,224827
2013-08-01,25700,25760,25480,25600,181178
2013-07-31,25600,25800,25580,25600,254710
2013-07-30,25540,25900,25540,25800,188507
2013-07-29,25820,26000,25580,25660,236437
2013-07-26,26280,26380,25980,26060,272391
2013-07-25,26340,26440,26160,26300,169913
2013-07-24,26140,26340,25900,26300,175453
2013-07-23,25460,26140,25440,26140,238978
2013-07-22,25600,25780,25300,25460,207023
2013-07-19,25760,25900,25280,25460,325426
2013-07-18,26500,26500,25840,25840,314084
2013-07-17,26020,26600,25720,26400,246046
2013-07-16,26360,26420,25800,25960,186019
2013-07-15,26300,26380,25700,26260,192592
2013-07-12,26400,26480,26020,26240,227826
2013-07-11,25020,26240,25020,26240,415767
2013-07-10,24900,25040,24740,24960,346113
2013-07-09,24600,25000,24580,24740,393899
2013-07-08,25000,25160,24180,24520,529603
2013-07-05,25720,26300,25200,25340,607656
2013-07-04,26040,26340,25920,26340,180853
2013-07-03,26680,26780,25900,26020,256441
2013-07-02,26800,27040,26600,26700,204289
2013-07-01,26680,26920,26440,26520,256519
2013-06-28,27000,27000,26580,26840,419225
2013-06-27,25900,26880,25720,26780,515123
2013-06-26,26020,26100,24900,25220,635024
2013-06-25,26020,26360,25760,25940,415499
2013-06-24,27000,27000,26260,26260,316958
2013-06-21,25880,26660,25800,26500,553556
2013-06-20,26860,26960,26520,26580,356359
2013-06-19,27640,27700,27280,27380,205405
2013-06-18,27360,27740,27200,27740,220861
2013-06-17,27400,27560,27300,27320,235169
2013-06-14,27300,27540,27140,27380,351167
2013-06-13,27600,27940,27140,27140,670197
2013-06-12,27560,28060,27240,27700,457753
2013-06-11,28220,28380,27560,27780,692260
2013-06-10,28400,28860,28280,28500,533554
2013-06-07,29500,29700,28480,28540,1085816
2013-06-05,30980,31060,30420,30420,271813
2013-06-04,30660,30840,30420,30800,169932
2013-06-03,30720,31180,30560,30640,206189
2013-05-31,30920,31180,30740,30760,360501
2013-05-30,30360,30980,30240,30880,455560
2013-05-29,29680,30460,29660,30240,295211
2013-05-28,29620,29920,29620,29680,231761
2013-05-27,29800,29980,29740,29780,122928
2013-05-24,29740,29880,29440,29720,203812
2013-05-23,29840,30040,29680,29680,239883
2013-05-22,30080,30200,29820,30180,198462
2013-05-21,30200,30200,29700,29840,232008
2013-05-20,30040,30240,29920,29940,245777
2013-05-16,30020,30280,30000,30160,293151
2013-05-15,29700,30000,29680,30000,211896
2013-05-14,29740,30000,29660,30000,180053
2013-05-13,29420,29600,29240,29540,175002
2013-05-10,30280,30280,29520,29520,235897
2013-05-09,29800,30400,29780,30300,216123
2013-05-08,29860,29960,29580,29760,298439
2013-05-07,30160,30160,29820,29860,228690
2013-05-06,30800,30800,30240,30280,173086
2013-05-03,30700,30740,30420,30700,131181
2013-05-02,30520,30640,30340,30560,200979
2013-04-30,29800,30600,29760,30400,374100
2013-04-29,29820,29840,29500,29620,170003
2013-04-26,29900,29940,29440,29720,233032
2013-04-25,29400,29880,29400,29880,209278
2013-04-24,29700,29880,29480,29720,201731
2013-04-23,30000,30060,29480,29660,177297
2013-04-22,29800,30060,29300,30060,186717
2013-04-19,29300,29840,29100,29500,314080
2013-04-18,30400,30440,29620,29660,267168
2013-04-17,31320,31320,30280,30360,209822
2013-04-16,30100,30640,30020,30560,371037
2013-04-15,30060,30700,30060,30460,215346
2013-04-12,30800,31000,30260,30340,214881
2013-04-11,30420,30800,30360,30800,225830
2013-04-10,30800,30800,30260,30420,235594
2013-04-09,30540,30600,30200,30560,184880
2013-04-08,30100,30620,29940,30400,259190
2013-04-05,30100,30320,29860,30100,299547
2013-04-04,30340,30380,29980,30120,214009
2013-04-03,30520,30560,30180,30420,217654
2013-04-02,30200,30640,30200,30500,171497
2013-04-01,30700,30700,30240,30240,105910
2013-03-29,30480,30640,30340,30540,190674
2013-03-28,30060,30200,29940,30200,159792
2013-03-27,30300,30320,29740,30080,257628
2013-03-26,29900,30440,29820,30180,336600
2013-03-25,29600,29900,29400,29900,205441
2013-03-22,29160,29360,29040,29100,213742
2013-03-21,29220,29480,29120,29140,235371
2013-03-20,29200,29700,29120,29200,270315
2013-03-19,29000,29840,28960,29500,279542
2013-03-18,29200,29200,28680,28900,528791
2013-03-15,30580,30580,29600,29600,732367
2013-03-14,30560,30680,29980,30400,251156
2013-03-13,30120,30580,30020,30540,226071
2013-03-12,30080,30240,29800,29880,174931
2013-03-11,29860,30240,29700,30160,274965
2013-03-08,30300,30340,29780,29980,378820
2013-03-07,30960,31000,30240,30400,269654
2013-03-06,31440,31500,30940,31200,202973
2013-03-05,31120,31280,30960,31000,185892
2013-03-04,31260,31260,30600,30780,265537
2013-02-28,30600,31080,30600,30880,255684
2013-02-27,31180,31180,30380,30540,178764
2013-02-26,30300,30760,30160,30540,184895
2013-02-25,30980,30980,30600,30600,177951
2013-02-22,30600,30960,30400,30600,277053
2013-02-21,30800,31160,30700,31000,262473
2013-02-20,30040,30900,29940,30900,360787
2013-02-19,29600,29980,29580,29840,122645
2013-02-18,29800,30020,29620,29800,142199
2013-02-15,29800,29960,29540,29960,151999
2013-02-14,29800,29880,29540,29800,150682
2013-02-13,29480,29780,29120,29740,184181
2013-02-12,29680,29680,29180,29360,168395
2013-02-08,28360,29400,28300,29240,268477
2013-02-07,28780,28780,28400,28400,194422
2013-02-06,28800,28860,28540,28540,137943
2013-02-05,28300,28860,28280,28700,227762
2013-02-04,29000,29060,28340,28740,257238
2013-02-01,29200,29200,28440,28820,231524
2013-01-31,28600,28960,28440,28960,321056
2013-01-30,28520,28800,28240,28800,323848
2013-01-29,27800,28360,27600,28180,432719
2013-01-28,27920,28020,27420,27440,618708
2013-01-25,29200,29220,28100,28340,436418
2013-01-24,29360,29380,28820,29060,320146
2013-01-23,30000,30040,29460,29460,186749
2013-01-22,28900,29740,28900,29600,239166
2013-01-21,29280,29500,28960,29080,290784
2013-01-18,29600,29740,29100,29600,250601
2013-01-17,30040,30040,29000,29380,404999
2013-01-16,30280,30520,29660,29840,325058
2013-01-15,31200,31200,30240,30240,214769
2013-01-14,30780,31040,30560,31040,160602
2013-01-11,30960,30960,30140,30660,238982
2013-01-10,30300,30680,30000,30600,293482
2013-01-09,30000,30260,29820,30000,253720
2013-01-08,30260,30340,29960,30000,276757
2013-01-07,30300,30560,30000,30400,252436
2013-01-04,30800,30840,30200,30500,260120
2013-01-03,31640,31680,30860,30860,284927
2013-01-02,30660,31520,30540,31520,229274
2012-12-28,29760,30600,29740,30440,212266
2012-12-27,29400,30000,29400,29920,182909
2012-12-26,29600,30060,29400,29400,281820
2012-12-24,28960,29520,28840,29480,290702
2012-12-21,29860,29920,28800,28840,553510
2012-12-20,30300,30580,29900,30060,402740
2012-12-18,30000,30320,29900,30300,271247
2012-12-17,30020,30480,29940,30060,310372
2012-12-14,30320,30720,30160,30300,279121
2012-12-13,30000,30660,29860,30660,614229
2012-12-12,29460,29920,29460,29800,304949
2012-12-11,29960,29960,29380,29520,253294
2012-12-10,30120,30120,29700,29820,261259
2012-12-07,29000,29960,29000,29600,317756
2012-12-06,29360,29420,28680,29080,285144
2012-12-05,28600,29100,28540,29100,248894
2012-12-04,28640,28680,28400,28600,190213
2012-12-03,28400,28720,28160,28600,204572
2012-11-30,28460,28500,27980,28120,328810
2012-11-29,28040,28440,28040,28280,262256
2012-11-28,28000,28760,27920,28260,281426
2012-11-27,28100,28560,28080,28320,236884
2012-11-26,28840,28860,27980,28080,275155
2012-11-23,28440,28840,28340,28740,246769
2012-11-22,27880,28380,27820,28340,299318
2012-11-21,27520,27940,27440,27680,355901
2012-11-20,27060,27300,26920,27280,268586
2012-11-19,26300,26840,26260,26640,202837
2012-11-16,26440,26520,26020,26140,243724
2012-11-15,26700,26760,26520,26620,199259
2012-11-14,27140,27140,26920,27100,208828
2012-11-13,26940,26980,26520,26980,146594
2012-11-12,26620,26940,26620,26900,139213
2012-11-09,26700,27020,26520,26820,291124
2012-11-08,26960,27140,26820,27000,306862
2012-11-07,26860,27240,26700,27240,193847
2012-11-06,26980,26980,26640,26980,179690
2012-11-05,26560,26980,26400,26820,261413
2012-11-02,26380,26660,26260,26540,370592
2012-11-01,25900,26040,25800,25940,209205
2012-10-31,26120,26240,25980,26200,212428
2012-10-30,25980,26080,25840,25960,133300
2012-10-29,25960,25980,25580,25980,229431
2012-10-26,26120,26240,25740,25740,276353
2012-10-25,25920,26440,25820,26440,237942
2012-10-24,25940,26180,25780,26000,269753
2012-10-23,26380,26440,26040,26260,185296
2012-10-22,25540,26340,25520,26300,234884
2012-10-19,26460,26500,25980,26040,279959
2012-10-18,26720,26820,26560,26740,210796
2012-10-17,26840,26920,26320,26720,180461
2012-10-16,26520,26620,26300,26600,213589
2012-10-15,25920,26240,25740,26000,206958
2012-10-12,26100,26240,25760,25920,300039
2012-10-11,26200,26400,25740,26080,476265
2012-10-10,27060,27200,26500,26500,260023
2012-10-09,27260,27620,27260,27440,176068
2012-10-08,27500,27580,27200,27460,240919
2012-10-05,27740,27800,27040,27400,357080
2012-10-04,27020,27460,26780,27340,383480
2012-10-02,27080,27420,27040,27380,267729
2012-09-28,27180,27200,26780,26920,358509
2012-09-27,26540,26840,26460,26760,291061
2012-09-26,26260,26500,26120,26500,241197
2012-09-25,26200,26680,26200,26540,227443
2012-09-24,26000,26560,25840,26540,264015
2012-09-21,26000,26140,25900,26040,298374
2012-09-20,25860,26100,25680,25740,284488
2012-09-19,26120,26460,25960,26280,242946
2012-09-18,26280,26720,26160,26300,224940
2012-09-17,26720,26720,26240,26300,298200
2012-09-14,26600,26780,26540,26720,498718
2012-09-13,25980,26100,25620,26020,390332
2012-09-12,25360,25900,25180,25880,370250
2012-09-11,24800,25300,24640,25120,198608
2012-09-10,25200,25280,25000,25000,318481
2012-09-07,24600,25020,24400,25000,510922
2012-09-06,24000,24060,23860,23920,247977
2012-09-05,24100,24240,23780,23780,349101
2012-09-04,24380,24560,24200,24360,198954
2012-09-03,24400,24700,24020,24360,278537
2012-08-31,24220,24680,24140,24660,407358
2012-08-30,24560,24580,24040,24300,324636
2012-08-29,24180,24700,24140,24600,469517
2012-08-28,23720,24180,23600,23900,558503
2012-08-27,23780,24060,23460,23600,1277983
2012-08-24,25400,25740,25280,25500,282921
2012-08-23,25220,25740,24980,25740,277600
2012-08-22,25380,25620,25140,25280,321554
2012-08-21,25840,26040,25640,25640,307047
2012-08-20,25400,25660,25100,25660,399820
2012-08-17,26880,26900,25720,25900,554025
2012-08-16,27080,27100,26760,26900,296891
2012-08-14,26520,27000,26520,26900,289928
2012-08-13,26840,26940,26460,26500,197976
2012-08-10,26700,26960,26600,26960,294895
2012-08-09,26420,26960,26360,26800,612875
2012-08-08,26120,26560,26020,26400,389471
2012-08-07,26060,26080,25680,25880,205823
2012-08-06,25700,26100,25640,25960,246024
2012-08-03,24800,25340,24760,24860,312338
2012-08-02,26000,26080,25220,25260,320335
2012-08-01,25840,26300,25660,26000,381803
2012-07-31,25600,26680,25500,26180,676303
2012-07-30,25200,25560,25020,25500,382995
2012-07-27,23900,24660,23820,24660,534352
2012-07-26,23380,23480,23200,23440,273339
2012-07-25,23060,23440,22780,23160,273353
2012-07-24,23300,23500,23180,23400,292532
2012-07-23,23300,23400,23100,23240,258087
2012-07-20,24040,24060,23820,23820,240244
2012-07-19,23600,24040,23440,23900,497504
2012-07-18,23580,23700,22760,23080,292655
2012-07-17,22960,23560,22720,23360,317913
2012-07-16,22900,23100,22660,23040,305730
2012-07-13,21920,22880,21820,22780,542252
2012-07-12,22420,22520,21820,21820,500103
2012-07-11,22580,22660,22160,22360,361358
2012-07-10,22700,22840,22420,22540,355742
2012-07-09,22700,22760,22520,22520,426705
2012-07-06,23880,23880,23060,23220,423970
2012-07-05,23740,23880,23540,23700,181784
2012-07-04,23640,23940,23560,23820,383678
2012-07-03,23640,23860,23400,23500,316380
2012-07-02,24160,24180,23420,23480,383135
2012-06-29,23340,24020,23060,24020,373478
2012-06-28,23340,23600,23060,23360,208420
2012-06-27,22800,23540,22600,23340,471673
2012-06-26,22660,22980,22580,22780,506211
2012-06-25,23420,23560,22560,22640,828723
2012-06-22,23780,24040,23600,23640,626943
2012-06-21,24680,24840,24520,24540,255553
2012-06-20,24980,25300,24900,25040,265743
2012-06-19,24900,24940,24440,24880,297169
2012-06-18,24800,25140,24680,24860,352506
2012-06-15,25000,25200,24280,24340,609612
2012-06-14,25380,25420,25120,25220,441585
2012-06-13,25320,25480,25120,25420,191611
2012-06-12,24920,25200,24900,25100,176329
2012-06-11,25440,25500,25320,25360,198491
2012-06-08,25500,25500,24900,24940,199521
2012-06-07,24780,25300,24660,25300,419412
2012-06-05,24020,24180,23860,24060,257449
2012-06-04,23960,24100,23840,23920,361840
2012-06-01,24260,24740,23980,24660,272252
2012-05-31,24260,24260,23840,24220,442818
2012-05-30,24760,24800,24300,24520,254380
2012-05-29,24240,24760,24120,24760,216876
2012-05-25,24660,24920,24460,24500,203783
2012-05-24,24260,24500,23960,24500,305365
2012-05-23,24800,24800,23900,24420,323898
2012-05-22,25100,25100,24540,24800,476938
2012-05-21,23880,24320,23800,24180,475248
2012-05-18,24080,24100,23300,23320,602891
2012-05-17,24600,24860,24020,24460,663431
2012-05-16,25960,26000,24560,24600,772389
2012-05-15,26080,26400,26000,26220,312381
2012-05-14,26100,26540,26080,26280,302375
2012-05-11,26300,26460,26060,26060,273746
2012-05-10,26580,26720,26440,26540,263434
2012-05-09,26700,26960,26480,26620,253520
2012-05-08,26960,27040,26780,26820,241223
2012-05-07,26840,27060,26500,26840,378463
2012-05-04,27500,27960,26980,27200,410013
2012-05-03,28040,28200,27960,28020,206721
2012-05-02,28200,28360,27980,28200,368585
2012-04-30,27900,28180,27540,27800,315924
2012-04-27,27100,27660,27020,27480,318334
2012-04-26,26400,26800,26340,26800,330125
2012-04-25,26080,26300,25860,26100,276830
2012-04-24,25300,25720,25240,25660,265092
2012-04-23,25380,25600,25240,25580,168229
2012-04-20,25880,25940,25560,25640,198642
2012-04-19,25840,26140,25780,26140,263389
2012-04-18,25540,26040,25380,25860,345320
2012-04-17,25020,25280,24820,24980,291687
2012-04-16,25460,25520,25000,25180,305181
2012-04-13,25300,25540,25200,25360,709175
2012-04-12,25660,25980,25360,25460,505706
2012-04-10,26280,26400,26140,26220,223655
2012-04-09,26400,26600,26120,26340,172210
2012-04-06,26540,26680,26260,26640,205972
2012-04-05,26040,26700,25940,26600,258692
2012-04-04,26620,27020,26300,26400,292224
2012-04-03,26400,26780,26040,26700,330512
2012-04-02,25500,25980,25220,25980,251937
2012-03-30,25400,25600,25140,25500,305967
2012-03-29,25980,25980,25600,25600,233777
2012-03-28,26000,26160,25900,26040,198516
2012-03-27,25700,26220,25520,26220,283880
2012-03-26,25360,25500,25220,25500,184819
2012-03-23,24860,25480,24860,25220,217307
2012-03-22,24700,25260,24700,25160,253830
2012-03-21,25200,25200,24840,24840,258654
2012-03-20,25340,25540,25200,25340,238807
2012-03-19,24700,25360,24680,25200,237833
2012-03-16,25200,25340,24760,24760,361632
2012-03-15,25020,25200,24840,25000,281014
2012-03-14,24600,25100,24600,25000,367328
2012-03-13,24000,24580,24000,24420,239728
2012-03-12,24480,24520,24200,24200,236760
2012-03-09,23820,24620,23760,24600,365212
2012-03-08,23600,23720,23300,23600,406211
2012-03-07,23500,23660,23300,23440,230554
2012-03-06,23580,23860,23340,23600,211532
2012-03-05,23800,23820,23320,23480,223655
2012-03-02,24300,24340,23580,23640,360682
2012-02-29,23820,24180,23820,24120,345618
2012-02-28,23920,24000,23620,23700,333027
2012-02-27,23480,23600,23180,23420,168265
2012-02-24,23060,23720,23060,23600,284960
2012-02-23,23460,23580,23020,23200,465609
2012-02-22,23640,24000,23440,23940,235724
2012-02-21,23500,23960,23300,23600,216328
2012-02-20,23560,23880,23320,23500,296550
2012-02-17,23180,23600,23120,23520,346676
2012-02-16,22600,22800,22420,22700,308603
2012-02-15,21960,22760,21840,22700,570588
2012-02-14,21680,21780,21480,21600,246511
2012-02-13,21380,21780,21340,21660,320760
2012-02-10,21680,21680,21220,21240,372318
2012-02-09,21740,21800,21200,21680,480585
2012-02-08,21980,22000,21680,21840,236880
2012-02-07,21540,21920,21460,21860,238611
2012-02-06,21680,21820,21320,21480,317585
2012-02-03,21420,21680,21120,21320,357253
2012-02-02,21720,22080,21360,21600,448986
2012-02-01,22140,22140,21560,21580,458731
2012-01-31,22100,22400,21780,22140,434959
2012-01-30,22580,22600,22180,22300,327408
2012-01-27,22400,22500,22220,22500,255060
2012-01-26,22320,22420,21880,22260,353212
2012-01-25,21840,22500,21840,22280,455736
2012-01-20,21800,22100,21520,22100,512607
2012-01-19,20760,21440,20740,21440,448056
2012-01-18,21020,21040,20440,20600,307608
2012-01-17,20820,20960,20480,20720,342322
2012-01-16,20800,20800,20400,20600,232948
2012-01-13,20560,21000,20520,20920,293017
2012-01-12,20320,20580,20220,20560,371462
2012-01-11,20340,20480,20280,20420,382904
2012-01-10,20420,20720,20420,20520,409381
2012-01-09,20800,20820,20300,20320,387166
2012-01-06,21120,21320,20600,20800,376753
2012-01-05,21460,21580,21100,21100,346691
2012-01-04,22100,22200,21500,21600,342389
2012-01-03,21860,22100,21840,22100,339046
2012-01-02,21400,21600,21300,21600,263300
2011-12-29,21240,21540,21140,21160,218898
2011-12-28,21460,21460,21200,21220,220925
2011-12-27,21360,21600,21060,21460,226189
2011-12-26,21340,21500,21320,21320,124469
2011-12-23,21120,21480,21120,21360,246478
2011-12-22,20900,21060,20820,21040,213171
2011-12-21,20700,21140,20620,21140,408316
2011-12-20,20160,20580,20140,20240,275516
2011-12-19,20900,20900,19680,20140,410694
2011-12-16,20420,20900,20400,20900,245774
2011-12-15,20580,20720,20300,20300,339605
2011-12-14,20680,20900,20500,20800,421590
2011-12-13,21480,21500,21000,21000,265044
2011-12-12,21260,21680,21200,21680,243479
2011-12-09,20980,21480,20740,21060,276388
2011-12-08,21140,21660,20920,21280,521081
2011-12-07,21000,21360,20820,21120,395486
2011-12-06,21140,21400,20820,20880,292758
2011-12-05,21380,21460,21160,21320,297501
2011-12-02,21220,21420,20800,21000,439388
2011-12-01,20700,21600,20580,21480,694628
2011-11-30,20000,20200,19920,20080,394423
2011-11-29,19800,20100,19720,20100,552503
2011-11-28,19180,19640,19160,19560,315940
2011-11-25,18580,19060,18580,18940,233962
2011-11-24,18440,19060,18420,18860,273680
2011-11-23,18960,19200,18700,18700,307043
2011-11-22,19000,19420,18860,19260,241829
2011-11-21,19020,19200,18840,19000,256942
2011-11-18,19420,19540,19240,19260,326670
2011-11-17,19640,19840,19220,19600,259445
2011-11-16,19900,20060,19460,19500,339267
2011-11-15,19720,20000,19600,19920,234838
2011-11-14,19760,20040,19740,19920,282989
2011-11-11,18900,19680,18600,19660,486576
2011-11-10,19340,19460,18700,18700,624218
2011-11-09,19400,19760,19320,19700,386372
2011-11-08,19720,19800,19300,19400,341584
2011-11-07,19920,20000,19720,19860,280586
2011-11-04,19660,20100,19640,20100,535139
2011-11-03,19240,19420,19160,19340,328782
2011-11-02,19400,19560,19320,19420,569636
2011-11-01,19360,19980,19240,19800,620094
2011-10-31,18820,19400,18660,19360,476217
2011-10-28,18560,18920,18540,18900,537992
2011-10-27,18580,18780,18380,18480,349475
2011-10-26,18660,18920,18540,18680,250360
2011-10-25,18720,19020,18700,18900,365737
2011-10-24,18260,18860,18220,18820,376214
2011-10-21,18400,18500,18140,18340,466429
2011-10-20,17720,18400,17660,18140,569192
2011-10-19,17700,17720,17400,17720,214254
2011-10-18,17500,17860,17420,17660,277012
2011-10-17,17800,17900,17620,17800,213700
2011-10-14,17420,17880,17420,17720,217319
2011-10-13,17960,17980,17620,17800,325563
2011-10-12,17440,17980,17400,17960,432600
2011-10-11,17700,17700,17380,17620,459031
2011-10-10,17560,17700,17440,17480,345316
2011-10-07,17300,17620,17000,17200,530423
2011-10-06,17480,17580,16840,17100,600160
2011-10-05,16480,17000,16340,16840,644036
2011-10-04,16100,16640,15920,16560,658616
2011-09-30,16600,16800,16220,16800,516023
2011-09-29,16080,16960,16080,16740,553981
2011-09-28,16480,16500,15820,16140,486551
2011-09-27,16100,16100,15820,16080,331600
2011-09-26,15200,15740,15180,15500,480907
2011-09-23,15280,15600,15020,15160,437123
2011-09-22,15920,16000,15560,15800,307008
2011-09-21,16380,16560,16020,16260,341563
2011-09-20,16220,16360,15920,16220,281014
2011-09-19,16000,16280,15760,16160,246920
2011-09-16,15880,16220,15840,15960,476632
2011-09-15,15680,15680,15300,15420,426593
2011-09-14,15600,15620,14820,15060,551101
2011-09-09,15700,16240,15540,15600,361802
2011-09-08,15600,16040,15560,15960,574914
2011-09-07,14660,15560,14660,15460,351504
2011-09-06,14520,14720,14200,14540,264505
2011-09-05,15100,15120,14600,14620,277488
2011-09-02,15300,15620,15260,15380,258682
2011-09-01,15180,15760,14880,15420,717411
2011-08-31,14940,14940,14620,14880,290229
2011-08-30,14820,14960,14720,14840,252964
2011-08-29,14840,14840,14480,14660,260440
2011-08-26,14340,14680,14340,14520,212815
2011-08-25,14740,14760,14420,14500,381135
2011-08-24,14480,14700,14000,14160,370403
2011-08-23,14000,14700,13980,14460,492913
2011-08-22,13680,14040,13660,13820,418952
2011-08-19,13760,13940,13440,13600,580713
2011-08-18,14960,14980,14060,14180,708503
2011-08-17,15020,15200,14820,15040,293405
2011-08-16,14700,15000,14520,15000,601622
2011-08-12,14420,14440,14000,14140,677828
2011-08-11,13760,14500,13760,14160,794832
2011-08-10,15200,15200,14400,14400,986557
2011-08-09,15000,15060,13920,14480,990040
2011-08-08,15400,15780,15200,15200,607518
2011-08-05,15840,16100,15780,15780,609081
2011-08-04,16780,16780,16300,16420,346496
2011-08-03,16800,16880,16480,16660,408465
2011-08-02,17060,17180,17000,17040,269816
2011-08-01,17100,17500,17100,17400,389024
2011-07-29,16920,17040,16740,16880,302016
2011-07-28,16560,16800,16520,16740,272890
2011-07-27,16960,16960,16720,16900,201993
2011-07-26,16860,17020,16800,17000,225408
2011-07-25,17000,17000,16680,16940,190025
2011-07-22,17000,17120,16840,17000,244517
2011-07-21,16920,17020,16640,16840,206937
2011-07-20,16800,17080,16780,17020,421882
2011-07-19,16120,16540,16120,16440,291167
2011-07-18,16560,16600,16220,16260,364738
2011-07-15,16600,16800,16420,16640,273509
2011-07-14,16700,16700,16460,16620,407918
2011-07-13,16960,17100,16720,16860,329357
2011-07-12,17200,17220,16920,17000,248144
2011-07-11,17600,17600,17240,17300,320019
2011-07-08,17600,17760,17460,17700,241809
2011-07-07,17960,17960,17580,17600,358557
2011-07-06,17860,17960,17740,17960,224722
2011-07-05,17600,17980,17560,17980,422262
2011-07-04,17400,17660,17380,17560,429433
2011-07-01,16860,17200,16760,17100,442918
2011-06-30,16660,16700,16420,16520,328339
2011-06-29,16960,16980,16640,16660,207146
2011-06-28,16800,17060,16620,16640,239178
2011-06-27,16940,16940,16560,16700,304257
2011-06-24,16420,17080,16420,17040,469223
2011-06-23,16500,16780,16400,16620,277391
2011-06-22,16480,16660,16440,16520,330821
2011-06-21,16000,16400,15960,16280,378374
2011-06-20,16260,16280,15900,16000,472386
2011-06-17,17020,17040,16060,16380,723027
2011-06-16,17060,17160,16880,16960,239116
2011-06-15,17320,17380,17020,17300,265758
2011-06-14,17020,17460,16960,17260,213419
2011-06-13,16880,17060,16760,17060,301387
2011-06-10,17400,17480,17020,17020,392575
2011-06-09,17540,17580,17300,17300,434119
2011-06-08,17700,17800,17500,17540,258873
2011-06-07,17520,17780,17380,17740,303586
2011-06-03,17800,17800,17540,17700,201472
2011-06-02,17880,17940,17600,17660,331899
2011-06-01,18040,18240,17900,18220,313832
2011-05-31,17800,18280,17720,18040,478089
2011-05-30,17900,17900,17520,17680,205979
2011-05-27,17480,17980,17340,17820,430296
2011-05-26,17360,17600,17300,17580,279740
2011-05-25,17580,17580,17060,17120,320945
2011-05-24,17440,17680,17300,17300,290181
2011-05-23,17540,17700,17440,17460,282045
2011-05-20,17700,17740,17600,17640,221517
2011-05-19,17820,17960,17600,17600,387733
2011-05-18,17860,17980,17720,17860,331824
2011-05-17,17940,17960,17780,17800,231293
2011-05-16,18340,18380,17960,18020,322905
2011-05-13,17920,18480,17800,18320,669154
2011-05-12,17720,18020,17660,17700,552942
